Thumbnail,File Name,NA,Is in 500 collection?,Map File Name
,P00001.jpg,,1,
,P00002.jpg,,0,P00001.jpg
,P00004.jpg,,1,
,P00005.jpg,,1,
,P00006.jpg,,1,
,P00007.jpg,,1,
,P00008.jpg,,1,
,P00009.jpg,,0,P00008.jpg
,P00010.jpg,,1,
,P00011.jpg,,1,
,P00012.jpg,,0,P00011.jpg
,P00013.jpg,,1,
,P00014.jpg,,1,
,P00015.jpg,,0,P00011.jpg
,P00016.jpg,,1,
,P00017.jpg,,1,
,P00020.jpg,,1,
,P00021.jpg,,1,
,P00022.jpg,,0,P00021.jpg
,P00023.jpg,,1,
,P00024.jpg,,1,
,P00025.jpg,,1,
,P00026.jpg,,1,
,P00027.jpg,,1,
,P00028.jpg,,1,
,P00029.jpg,,1,
,P00032.jpg,,1,
,P00033.jpg,,1,
,P00034.jpg,,1,
,P00035.jpg,,1,
,P00036.jpg,,1,
,P00037.jpg,,1,
,P00038.jpg,,0,P00033.jpg
,P00039.jpg,,1,
,P00040.jpg,,1,
,P00041.jpg,,1,
,P00042.jpg,,1,
,P00043.jpg,,1,
,P00044.jpg,,0,P00033.jpg
,P00045.jpg,,0,P00042.jpg
,P00046.jpg,,0,P00033.jpg
,P00048.jpg,,0,P00033.jpg
,P00049.jpg,,0,P00042.jpg
,P00067.jpg,,1,
,P00051.jpg,,0,P00033.jpg
,P00052.jpg,,0,P00033.jpg
,P00053.jpg,,0,P00042.jpg
,P00054.jpg,,0,P00033.jpg
,P00055.jpg,,0,P00042.jpg
,P00070.jpg,,1,
,P00183.jpg,,1,
,P00184.jpg,,1,
,P00185.jpg,,1,
,P00187.jpg,,1,
,P00188.jpg,,1,
,P00065.jpg,,0,P00042.jpg
,P00066.jpg,,0,P00067.jpg
,P00193.jpg,,1,
,P00068.jpg,,0,P00042.jpg
,P00069.jpg,,0,P00042.jpg
,P00200.jpg,,1,
,P00071.jpg,,0,P00042.jpg
,P00072.jpg,,0,P00067.jpg
,P00073.jpg,,0,P00067.jpg
,P00074.jpg,,0,P00067.jpg
,P00075.jpg,,0,P00067.jpg
,P00076.jpg,,0,P00042.jpg
,P00077.jpg,,0,P00067.jpg
,P00078.jpg,,0,P00067.jpg
,P00079.jpg,,0,P00067.jpg
,P00080.jpg,,0,P00042.jpg
,P00082.jpg,,0,P03078.jpg
,P00083.jpg,,0,P00042.jpg
,P00084.jpg,,0,P00042.jpg
,P00085.jpg,,0,P00042.jpg
,P00201.jpg,,1,
,P00089.jpg,,0,P00042.jpg
,P00090.jpg,,0,P00042.jpg
,P00207.jpg,,1,
,P00210.jpg,,1,
,P00093.jpg,,0,P03078.jpg
,P00094.jpg,,0,P03078.jpg
,P00095.jpg,,0,P03078.jpg
,P00213.jpg,,1,
,P00097.jpg,,0,P03078.jpg
,P00215.jpg,,1,
,P00220.jpg,,1,
,P00100.jpg,,0,P02978.jpg
,P00101.jpg,,0,P02978.jpg
,P00222.jpg,,1,
,P00103.jpg,,0,P02978.jpg
,P00104.jpg,,0,P03078.jpg
,P00105.jpg,,0,P02978.jpg
,P00106.jpg,,0,P03078.jpg
,P00107.jpg,,0,P02978.jpg
,P00108.jpg,,0,P02978.jpg
,P00109.jpg,,0,P03078.jpg
,P00110.jpg,,0,P02978.jpg
,P00111.jpg,,0,P02978.jpg
,P00112.jpg,,0,P02978.jpg
,P00113.jpg,,0,P02978.jpg
,P00114.jpg,,0,P03078.jpg
,P00226.jpg,,1,
,P00229.jpg,,1,
,P00235.jpg,,1,
,P00238.jpg,,1,
,P00241.jpg,,1,
,P00120.jpg,,0,P03078.jpg
,P00244.jpg,,1,
,P00253.jpg,,1,
,P00123.jpg,,0,P03078.jpg
,P00255.jpg,,1,
,P00259.jpg,,1,
,P00263.jpg,,1,
,P00271.jpg,,1,
,P00272.jpg,,1,
,P00273.jpg,,1,
,P00282.jpg,,1,
,P00283.jpg,,1,
,P00133.jpg,,0,P03078.jpg
,P00285.jpg,,1,
,P00286.jpg,,1,
,P00289.jpg,,1, 
,P00290.jpg,,1,
,P00291.jpg,,1,
,P00294.jpg,,1,
,P00299.jpg,,1,
,P00300.jpg,,1,
,P00143.jpg,,0,P03149.jpg
,P00301.jpg,,1,
,P00302.jpg,,1,
,P00147.jpg,,0,P03078.jpg
,P00149.jpg,,0,P03078.jpg
,P00150.jpg,,0,P03078.jpg
,P00152.jpg,,0,P03078.jpg
,P00311.jpg,,1,
,P00312.jpg,,1,
,P00155.jpg,,0,P03078.jpg
,P00316.jpg,,1,
,P00157.jpg,,0,P03078.jpg
,P00321.jpg,,1,
,P00159.jpg,,0,P03078.jpg
,P00323.jpg,,1,
,P00161.jpg,,0,P03078.jpg
,P00162.jpg,,0,P03078.jpg
,P00339.jpg,,1,
,P00340.jpg,,1,
,P00349.jpg,,1,
,P00352.jpg,,1,
,P00429.jpg,,1,
,P00431.jpg,,1,
,P00434.jpg,,1,
,P00435.jpg,,1,
,P00442.jpg,,1,
,P00175.jpg,,0,P00183.jpg
,P00176.jpg,,0,P00183.jpg
,P00177.jpg,,0,P00183.jpg
,P00178.jpg,,0,P00183.jpg
,P00179.jpg,,0,P00183.jpg
,P00180.jpg,,0,P00183.jpg
,P00181.jpg,,0,P00183.jpg
,P00182.jpg,,0,P00183.jpg
,P00443.jpg,,1,
,P00444.jpg,,1,
,P00450.jpg,,1,
,P00464.jpg,,1,
,P00476.jpg,,1,
,P00478.jpg,,1,
,P00189.jpg,,0,P00193.jpg
,P00190.jpg,,0,P00193.jpg
,P00191.jpg,,0,P00193.jpg
,P00192.jpg,,0,P00193.jpg
,P00528.jpg,,1,
,P00194.jpg,,0,P00193.jpg
,P00195.jpg,,0,P00193.jpg
,P00530.jpg,,1,
,P00532.jpg,,1,
,P00198.jpg,,0,P00193.jpg
,P00199.jpg,,0,P00193.jpg
,P00536.jpg,,1,
,P00538.jpg,,1,
,P00203.jpg,,0,P00210.jpg
,P00540.jpg,,1,
,P00205.jpg,,0,P00210.jpg
,P00206.jpg,,0,P00193.jpg
,P00738.jpg,,1,
,P00209.jpg,,0,P00210.jpg
,P00739.jpg,,1,
,P00211.jpg,,0,P00207.jpg
,P00212.jpg,,0,P00207.jpg
,P00740.jpg,,1,
,P00214.jpg,,0,P00210.jpg
,P00836.jpg,,1,
,P00216.jpg,,0,P00210.jpg
,P00217.jpg,,0,P00207.jpg
,P00218.jpg,,0,P00207.jpg
,P00219.jpg,,0,P00207.jpg
,P00842.jpg,,1,
,P00851.jpg,,1,
,P00866.jpg,,1,
,P00223.jpg,,0,P00210.jpg
,P00224.jpg,,0,P00193.jpg
,P00876.jpg,,1,
,P00878.jpg,,1,
,P00227.jpg,,0,P00210.jpg
,P00228.jpg,,0,P00193.jpg
,P00885.jpg,,1,
,P00230.jpg,,0,P00193.jpg
,P00231.jpg,,0,P00210.jpg
,P00233.jpg,,0,P00193.jpg
,P00234.jpg,,0,P00210.jpg
,P00990.jpg,,1,
,P00236.jpg,,0,P00193.jpg
,P00237.jpg,,0,P00193.jpg
,P00991.jpg,,1,
,P00239.jpg,,0,P00210.jpg
,P00240.jpg,,0,P00210.jpg
,P01037.jpg,,1,
,P00242.jpg,,0,P00210.jpg
,P00243.jpg,,0,P00210.jpg
,P01039.jpg,,1,
,P00245.jpg,,0,P00193.jpg
,P00246.jpg,,0,P00210.jpg
,P00247.jpg,,0,P00210.jpg
,P00248.jpg,,0,P00210.jpg
,P00249.jpg,,0,P00193.jpg
,P00250.jpg,,0,P00210.jpg
,P01040.jpg,,1,
,P00252.jpg,,0,P00210.jpg
,P01064.jpg,,1,
,P00254.jpg,,0,P00210.jpg
,P01066.jpg,,1,
,P00257.jpg,,0,P00210.jpg
,P00258.jpg,,0,P00193.jpg
,P01070.jpg,,1,
,P00260.jpg,,0,P00210.jpg
,P00261.jpg,,0,P00210.jpg
,P00262.jpg,,0,P00193.jpg
,P01129.jpg,,1,
,P00264.jpg,,0,P00210.jpg
,P00265.jpg,,0,P00193.jpg
,P00266.jpg,,0,P00210.jpg
,P00267.jpg,,0,P00282.jpg
,P01202.jpg,,1,
,P00269.jpg,,0,P00210.jpg
,P00270.jpg,,0,P00282.jpg
,P01204.jpg,,1,
,P01211.jpg,,1,
,P01212.jpg,,1,
,P01213.jpg,,1,
,P01215.jpg,,1,
,P00277.jpg,,0,P00282.jpg
,P01217.jpg,,1,
,P01220.jpg,,1,
,P00280.jpg,,0,P00282.jpg
,P01225.jpg,,1,
,P01228.jpg,,1,
,P01230.jpg,,1,
,P00284.jpg,,0,P00282.jpg
,P01232.jpg,,1,
,P01241.jpg,,1,
,P00287.jpg,,0,P00282.jpg
,P01242.jpg,,1,
,P01243.jpg,,1,
,P01249.jpg,,1,
,P01251.jpg,,1,
,P01254.jpg,,1,
,P01260.jpg,,1,
,P01262.jpg,,1,
,P01264.jpg,,1,
,P00296.jpg,,0,P00282.jpg
,P00297.jpg,,0,P00282.jpg
,P01266.jpg,,1,
,P01280.jpg,,1,
,P01310.jpg,,1,
,P01312.jpg,,1,
,P01314.jpg,,1,
,P01316.jpg,,1,
,P00304.jpg,,0,P00282.jpg
,P01320.jpg,,1,
,P01325.jpg,,1,
,P00307.jpg,,0,P00282.jpg
,P01331.jpg,,1,
,P01334.jpg,,1,
,P00310.jpg,,0,P00282.jpg
,P01337.jpg,,1,
,P01344.jpg,,1,
,P00313.jpg,,0,P00282.jpg
,P01346.jpg,,1,
,P01349.jpg,,1,
,P01352.jpg,,1,
,P01354.jpg,,1,
,P01356.jpg,,1,
,P01358.jpg,,1,
,P00320.jpg,,0,P00282.jpg
,P01360.jpg,,1,
,P01364.jpg,,1,
,P01387.jpg,,1,
,P01391.jpg,,1,
,P01400.jpg,,1,
,P00326.jpg,,0,P00282.jpg
,P01406.jpg,,1,
,P01409.jpg,,1,
,P00329.jpg,,0,P00282.jpg
,P00330.jpg,,0,P00282.jpg
,P01411.jpg,,1,
,P00332.jpg,,0,P00282.jpg
,P00334.jpg,,0,P00282.jpg
,P00335.jpg,,0,P00282.jpg
,P01414.jpg,,1,
,P00337.jpg,,0,P00282.jpg
,P01419.jpg,,1,
,P01422.jpg,,1,
,P01425.jpg,,1,
,P00341.jpg,,0,P00193.jpg
,P01430.jpg,,1,
,P00343.jpg,,0,P00193.jpg
,P01432.jpg,,1,
,P00345.jpg,,0,P00193.jpg
,P01444.jpg,,1,
,P01446.jpg,,1,
,P01448.jpg,,1,
,P01452.jpg,,1,
,P01454.jpg,,1,
,P01457.jpg,,1,
,P00353.jpg,,0,P00193.jpg
,P00354.jpg,,0,P00193.jpg
,P00355.jpg,,0,P00193.jpg
,P00356.jpg,,0,P00193.jpg
,P00357.jpg,,0,P00193.jpg
,P00358.jpg,,0,P00193.jpg
,P00359.jpg,,0,P00193.jpg
,P00360.jpg,,0,P00193.jpg
,P00361.jpg,,0,P00193.jpg
,P00362.jpg,,0,P00193.jpg
,P00363.jpg,,0,P00193.jpg
,P00364.jpg,,0,P00193.jpg
,P00365.jpg,,0,P00193.jpg
,P00366.jpg,,0,P00193.jpg
,P00367.jpg,,0,P00193.jpg
,P00368.jpg,,0,P00193.jpg
,P00369.jpg,,0,P00193.jpg
,P00370.jpg,,0,P00193.jpg
,P00371.jpg,,0,P00193.jpg
,P00372.jpg,,0,P00193.jpg
,P01461.jpg,,1,
,P00374.jpg,,0,P00193.jpg
,P00375.jpg,,0,P00193.jpg
,P00376.jpg,,0,P00193.jpg
,P00377.jpg,,0,P00193.jpg
,P00378.jpg,,0,P00193.jpg
,P00379.jpg,,0,P00193.jpg
,P00380.jpg,,0,P00193.jpg
,P00381.jpg,,0,P00193.jpg
,P00382.jpg,,0,P00193.jpg
,P01469.jpg,,1,
,P00385.jpg,,0,P00193.jpg
,P00386.jpg,,0,P00193.jpg
,P01474.jpg,,1,
,P00388.jpg,,0,P00193.jpg
,P01476.jpg,,1,
,P00390.jpg,,0,P00193.jpg
,P00391.jpg,,0,P00193.jpg
,P00392.jpg,,0,P00193.jpg
,P00393.jpg,,0,P00193.jpg
,P00394.jpg,,0,P00193.jpg
,P00395.jpg,,0,P00193.jpg
,P01479.jpg,,1,
,P00397.jpg,,0,P00193.jpg
,P00398.jpg,,0,P00193.jpg
,P00399.jpg,,0,P00193.jpg
,P00400.jpg,,0,P00193.jpg
,P00401.jpg,,0,P00193.jpg
,P00402.jpg,,0,P00193.jpg
,P01485.jpg,,1,
,P00404.jpg,,0,P00193.jpg
,P01489.jpg,,1,
,P01496.jpg,,1,
,P01500.jpg,,1,
,P01504.jpg,,1,
,P00409.jpg,,0,P00193.jpg
,P01508.jpg,,1,
,P01513.jpg,,1,
,P01598.jpg,,1,
,P01600.jpg,,1,
,P00415.jpg,,0,P00193.jpg
,P01609.jpg,,1,
,P00417.jpg,,0,P00193.jpg
,P01611.jpg,,1,
,P01615.jpg,,1,
,P01617.jpg,,1,
,P01619.jpg,,1,
,P01625.jpg,,1,
,P01628.jpg,,1,
,P00424.jpg,,0,P00193.jpg
,P01632.jpg,,1,
,P01637.jpg,,1,
,P01642.jpg,,1,
,P00428.jpg,,0,P00193.jpg
,P01644.jpg,,1,
,P00430.jpg,,0,P00193.jpg
,P01645.jpg,,1,
,P00432.jpg,,0,P00431.jpg
,P01652.jpg,,1,
,P01663.jpg,,1,
,P00436.jpg,,0,P00435.jpg
,P00437.jpg,,0,P00435.jpg
,P00438.jpg,,0,P00435.jpg
,P00439.jpg,,0,P00435.jpg
,P00440.jpg,,0,P00435.jpg
,P00441.jpg,,0,P00435.jpg
,P01683.jpg,,1,
,P01685.jpg,,1,
,P01687.jpg,,1,
,P00445.jpg,,0,P00444.jpg
,P00446.jpg,,0,P00444.jpg
,P01741.jpg,,1,
,P00448.jpg,,0,P00450.jpg
,P00449.jpg,,0,P00444.jpg
,P01752.jpg,,1,
,P01760.jpg,,1,
,P01766.jpg,,1,
,P01771.jpg,,1,
,P00463.jpg,,0,P00464.jpg
,P01777.jpg,,1,
,P00465.jpg,,0,P00464.jpg
,P00466.jpg,,0,P00464.jpg
,P00467.jpg,,0,P00464.jpg
,P00468.jpg,,0,P00476.jpg
,P00469.jpg,,0,P00464.jpg
,P00470.jpg,,0,P00476.jpg
,P00471.jpg,,0,P00464.jpg
,P00472.jpg,,0,P00476.jpg
,P00473.jpg,,0,P00464.jpg
,P00474.jpg,,0,P00464.jpg
,P00475.jpg,,0,P00464.jpg
,P01780.jpg,,1,
,P00477.jpg,,0,P00464.jpg
,P01784.jpg,,1,
,P00479.jpg,,0,P00478.jpg
,P00480.jpg,,0,P00478.jpg
,P00481.jpg,,0,P00478.jpg
,P00482.jpg,,0,P00478.jpg
,P01882.jpg,,1,
,P01887.jpg,,1,
,P01948.jpg,,1,
,P00534.jpg,,0,P00530.jpg
,P01951.jpg,,1,
,P01953.jpg,,1,
,P01954.jpg,,1,
,P01955.jpg,,1,
,P01956.jpg,,1,
,P01958.jpg,,1,
,P00741.jpg,,0,P00740.jpg
,P00743.jpg,,0,P00740.jpg
,P00744.jpg,,0,P00740.jpg
,P00745.jpg,,0,P00740.jpg
,P00748.jpg,,0,P00740.jpg
,P00749.jpg,,0,P00740.jpg
,P00751.jpg,,0,P00740.jpg
,P00753.jpg,,0,P00740.jpg
,P00755.jpg,,0,P00740.jpg
,P00757.jpg,,0,P00740.jpg
,P00759.jpg,,0,P00740.jpg
,P00761.jpg,,0,P00740.jpg
,P01960.jpg,,1,
,P00839.jpg,,0,P00836.jpg
,P01962.jpg,,1,
,P00845.jpg,,0,P00836.jpg
,P00848.jpg,,0,P00836.jpg
,P01964.jpg,,1,
,P00854.jpg,,0,P00851.jpg
,P00857.jpg,,0,P00851.jpg
,P00860.jpg,,0,P00851.jpg
,P00863.jpg,,0,P00851.jpg
,P01970.jpg,,1,
,P00869.jpg,,0,P00866.jpg
,P00872.jpg,,0,P00866.jpg
,P01972.jpg,,1,
,P00877.jpg,,0,P00876.jpg
,P01974.jpg,,1,
,P02021.jpg,,1,
,P00886.jpg,,0,P00885.jpg
,P00887.jpg,,0,P00885.jpg
,P02025.jpg,,1,
,P02033.jpg,,1,
,P00992.jpg,,0,P00991.jpg
,P01036.jpg,,0,P01037.jpg
,P02048.jpg,,1,
,P01038.jpg,,0,P01039.jpg
,P02049.jpg,,1,
,P02051.jpg,,1,
,P01041.jpg,,0,P01039.jpg
,P01042.jpg,,0,P01039.jpg
,P01043.jpg,,0,P01039.jpg
,P01044.jpg,,0,P01039.jpg
,P01045.jpg,,0,P01039.jpg
,P02053.jpg,,1,
,P01065.jpg,,0,P01064.jpg
,P02055.jpg,,1,
,P01067.jpg,,0,P01066.jpg
,P01069.jpg,,0,P01070.jpg
,P02057.jpg,,1,
,P02097.jpg,,1,
,P01130.jpg,,0,P01129.jpg
,P02099.jpg,,1,
,P01203.jpg,,0,P01204.jpg
,P02101.jpg,,1,
,P01205.jpg,,0,P01204.jpg
,P01206.jpg,,0,P01204.jpg
,P01207.jpg,,0,P01204.jpg
,P01208.jpg,,0,P01204.jpg
,P01209.jpg,,0,P01204.jpg
,P01210.jpg,,0,P01204.jpg
,P02103.jpg,,1,
,P02105.jpg,,1,
,P02107.jpg,,1,
,P01214.jpg,,0,P01213.jpg
,P02109.jpg,,1,
,P01216.jpg,,0,P01215.jpg
,P02111.jpg,,1,
,P01218.jpg,,0,P01215.jpg
,P01219.jpg,,0,P01215.jpg
,P02113.jpg,,1,
,P01221.jpg,,0,P01215.jpg
,P01222.jpg,,0,P01215.jpg
,P01223.jpg,,0,P01215.jpg
,P01224.jpg,,0,P01215.jpg
,P02114.jpg,,1, 
,P01226.jpg,,0,P01225.jpg
,P02173.jpg,,1,
,P01229.jpg,,0,P01230.jpg
,P02176.jpg,,1,
,P01231.jpg,,0,P01230.jpg
,P02180.jpg,,1,
,P01233.jpg,,0,P01232.jpg
,P02183.jpg,,1,
,P02185.jpg,,1,
,P01240.jpg,,0,P01241.jpg
,P02188.jpg,,1,
,P02191.jpg,,1,
,P02195.jpg,,1,
,P01244.jpg,,0,P01243.jpg
,P01245.jpg,,0,P01243.jpg
,P01246.jpg,,0,P01243.jpg
,P01247.jpg,,0,P01243.jpg
,P01248.jpg,,0,P01243.jpg
,P02202.jpg,,1,
,P01250.jpg,,0,P01249.jpg
,P02204.jpg,,1,
,P01252.jpg,,0,P01249.jpg
,P01253.jpg,,0,P01249.jpg
,P02206.jpg,,1,
,P01255.jpg,,0,P01249.jpg
,P01256.jpg,,0,P01249.jpg
,P02211.jpg,,1,
,P01261.jpg,,0,P01260.jpg
,P02215.jpg,,1,
,P01263.jpg,,0,P01260.jpg
,P02219.jpg,,1,
,P01265.jpg,,0,P01260.jpg
,P02223.jpg,,1,
,P01279.jpg,,0,P01280.jpg
,P02225.jpg,,1,
,P01281.jpg,,0,P01280.jpg
,P01282.jpg,,0,P01280.jpg
,P01309.jpg,,0,P01310.jpg
,P02277.jpg,,1,
,P01311.jpg,,0,P01310.jpg
,P02278.jpg,,1,
,P01313.jpg,,0,P01310.jpg
,P02282.jpg,,1,
,P01315.jpg,,0,P01310.jpg
,P02286.jpg,,1,
,P01317.jpg,,0,P01310.jpg
,P01318.jpg,,0,P01310.jpg
,P01319.jpg,,0,P01310.jpg
,P02289.jpg,,1,
,P01321.jpg,,0,P01320.jpg
,P01322.jpg,,0,P01320.jpg
,P01323.jpg,,0,P01320.jpg
,P01324.jpg,,0,P01320.jpg
,P02301.jpg,,1,
,P01326.jpg,,0,P01331.jpg
,P01327.jpg,,0,P01331.jpg
,P01328.jpg,,0,P01331.jpg
,P01329.jpg,,0,P01331.jpg
,P01330.jpg,,0,P01331.jpg
,P02302.jpg,,1,
,P01332.jpg,,0,P01331.jpg
,P01333.jpg,,0,P01331.jpg
,P02337.jpg,,1,
,P01335.jpg,,0,P01334.jpg
,P01336.jpg,,0,P01334.jpg
,P02346.jpg,,1,
,P01338.jpg,,0,P01334.jpg
,P01339.jpg,,0,P01334.jpg
,P01340.jpg,,0,P01334.jpg
,P01341.jpg,,0,P01334.jpg
,P01342.jpg,,0,P01334.jpg
,P01343.jpg,,0,P01334.jpg
,P02348.jpg,,1,
,P01345.jpg,,0,P01346.jpg
,P02351.jpg,,1,
,P01347.jpg,,0,P01346.jpg
,P01348.jpg,,0,P01346.jpg
,P02354.jpg,,1,
,P01350.jpg,,0,P01346.jpg
,P01351.jpg,,0,P01346.jpg
,P02355.jpg,,1,
,P01353.jpg,,0,P01354.jpg
,P02357.jpg,,1,
,P01355.jpg,,0,P01354.jpg
,P02366.jpg,,1,
,P01357.jpg,,0,P01354.jpg
,P02371.jpg,,1,
,P01359.jpg,,0,P01354.jpg
,P02374.jpg,,1,
,P01363.jpg,,0,P01364.jpg
,P02376.jpg,,1,
,P01365.jpg,,0,P01364.jpg
,P01366.jpg,,0,P01364.jpg
,P01367.jpg,,0,P01364.jpg
,P01368.jpg,,0,P01364.jpg
,P01369.jpg,,0,P01364.jpg
,P01370.jpg,,0,P01364.jpg
,P02382.jpg,,1,
,P01386.jpg,,0,P01387.jpg
,P02385.jpg,,1,
,P01390.jpg,,0,P01391.jpg
,P02389.jpg,,1,
,P01392.jpg,,0,P01391.jpg
,P01393.jpg,,0,P01391.jpg
,P01394.jpg,,0,P01391.jpg
,P01395.jpg,,0,P01391.jpg
,P01396.jpg,,0,P01391.jpg
,P01397.jpg,,0,P01391.jpg
,P01398.jpg,,0,P01391.jpg
,P01399.jpg,,0,P01400.jpg
,P02392.jpg,,1,
,P01401.jpg,,0,P01400.jpg
,P01402.jpg,,0,P01400.jpg
,P01403.jpg,,0,P01400.jpg
,P01404.jpg,,0,P01400.jpg
,P01405.jpg,,0,P01400.jpg
,P02393.jpg,,1,
,P01407.jpg,,0,P01400.jpg
,P01408.jpg,,0,P01400.jpg
,P02407.jpg,,1,
,P01410.jpg,,0,P01400.jpg
,P02414.jpg,,1,
,P01412.jpg,,0,P01400.jpg
,P01413.jpg,,0,P01400.jpg
,P02418.jpg,,1,
,P01415.jpg,,0,P01419.jpg
,P01416.jpg,,0,P01419.jpg
,P01417.jpg,,0,P01419.jpg
,P01418.jpg,,0,P01419.jpg
,P02421.jpg,,1,
,P01420.jpg,,0,P01419.jpg
,P01421.jpg,,0,P01419.jpg
,P02435.jpg,,1,
,P01423.jpg,,0,P01422.jpg
,P01424.jpg,,0,P01422.jpg
,P02437.jpg,,1,
,P01426.jpg,,0,P01425.jpg
,P01427.jpg,,0,P01425.jpg
,P01428.jpg,,0,P01425.jpg
,P01429.jpg,,0,P01430.jpg
,P02443.jpg,,1,
,P01431.jpg,,0,P01430.jpg
,P02445.jpg,,1,
,P01433.jpg,,0,P01432.jpg
,P01434.jpg,,0,P01432.jpg
,P01435.jpg,,0,P01432.jpg
,P01436.jpg,,0,P01432.jpg
,P01437.jpg,,0,P01432.jpg
,P01438.jpg,,0,P01432.jpg
,P01439.jpg,,0,P01432.jpg
,P01440.jpg,,0,P01432.jpg
,P01441.jpg,,0,P01432.jpg
,P01442.jpg,,0,P01432.jpg
,P01443.jpg,,0,P01432.jpg
,P02449.jpg,,1,
,P01445.jpg,,0,P01446.jpg
,P02450.jpg,,1,
,P01447.jpg,,0,P01446.jpg
,P02454.jpg,,1,
,P01449.jpg,,0,P01446.jpg
,P01450.jpg,,0,P01446.jpg
,P01451.jpg,,0,P01446.jpg
,P02458.jpg,,1,
,P01453.jpg,,0,P01446.jpg
,P02461.jpg,,1,
,P01455.jpg,,0,P01446.jpg
,P01456.jpg,,0,P01446.jpg
,P02464.jpg,,1,
,P01458.jpg,,0,P01446.jpg
,P01459.jpg,,0,P01446.jpg
,P01460.jpg,,0,P01446.jpg
,P02466.jpg,,1,
,P01462.jpg,,0,P01461.jpg
,P01463.jpg,,0,P01461.jpg
,P01464.jpg,,0,P01461.jpg
,P01465.jpg,,0,P01461.jpg
,P01466.jpg,,0,P01461.jpg
,P01467.jpg,,0,P01461.jpg
,P01468.jpg,,0,P01461.jpg
,P02468.jpg,,1,
,P01470.jpg,,0,P01469.jpg
,P01471.jpg,,0,P01469.jpg
,P01472.jpg,,0,P01469.jpg
,P01473.jpg,,0,P01469.jpg
,P02470.jpg,,1,
,P01475.jpg,,0,P01476.jpg
,P02472.jpg,,1,
,P01477.jpg,,0,P01476.jpg
,P01478.jpg,,0,P01476.jpg
,P02476.jpg,,1,
,P01480.jpg,,0,P01479.jpg
,P01481.jpg,,0,P01479.jpg
,P01482.jpg,,0,P01479.jpg
,P01483.jpg,,0,P01479.jpg
,P01484.jpg,,0,P01479.jpg
,P02481.jpg,,1,
,P01486.jpg,,0,P01479.jpg
,P01487.jpg,,0,P01479.jpg
,P01488.jpg,,0,P01479.jpg
,P02484.jpg,,1,
,P01490.jpg,,0,P01489.jpg
,P01491.jpg,,0,P01489.jpg
,P01492.jpg,,0,P01489.jpg
,P01493.jpg,,0,P01489.jpg
,P01494.jpg,,0,P01489.jpg
,P01495.jpg,,0,P01489.jpg
,P02487.jpg,,1,
,P01497.jpg,,0,P01489.jpg
,P01498.jpg,,0,P01489.jpg
,P01499.jpg,,0,P01489.jpg
,P02489.jpg,,1,
,P01501.jpg,,0,P01489.jpg
,P01502.jpg,,0,P01489.jpg
,P01503.jpg,,0,P01489.jpg
,P02552.jpg,,1,
,P01505.jpg,,0,P01504.jpg
,P01506.jpg,,0,P01504.jpg
,P01507.jpg,,0,P01504.jpg
,P02658.jpg,,1,
,P01509.jpg,,0,P01508.jpg
,P01510.jpg,,0,P01508.jpg
,P01511.jpg,,0,P01508.jpg
,P01512.jpg,,0,P01508.jpg
,P02660.jpg,,1,
,P01514.jpg,,0,P01513.jpg
,P01515.jpg,,0,P01513.jpg
,P01516.jpg,,0,P01513.jpg
,P01517.jpg,,0,P01513.jpg
,P01518.jpg,,0,P01513.jpg
,P01519.jpg,,0,P01513.jpg
,P01520.jpg,,0,P01513.jpg
,P01521.jpg,,0,P01513.jpg
,P01522.jpg,,0,P01513.jpg
,P01523.jpg,,0,P01513.jpg
,P02663.jpg,,1,
,P01596.jpg,,0,P01598.jpg
,P01597.jpg,,0,P01598.jpg
,P02665.jpg,,1,
,P01599.jpg,,0,P01598.jpg
,P02668.jpg,,1,
,P01601.jpg,,0,P01600.jpg
,P01602.jpg,,0,P01600.jpg
,P01603.jpg,,0,P01600.jpg
,P01604.jpg,,0,P01600.jpg
,P01605.jpg,,0,P01600.jpg
,P01606.jpg,,0,P01600.jpg
,P01607.jpg,,0,P01600.jpg
,P01608.jpg,,0,P01600.jpg
,P02674.jpg,,1,
,P01610.jpg,,0,P01600.jpg
,P02679.jpg,,1,
,P01612.jpg,,0,P01600.jpg
,P01613.jpg,,0,P01600.jpg
,P01614.jpg,,0,P01600.jpg
,P02682.jpg,,1,
,P01616.jpg,,0,P01600.jpg
,P02688.jpg,,1,
,P01618.jpg,,0,P01617.jpg
,P02692.jpg,,1,
,P01620.jpg,,0,P01617.jpg
,P01621.jpg,,0,P01600.jpg
,P01622.jpg,,0,P01600.jpg
,P01623.jpg,,0,P01600.jpg
,P01624.jpg,,0,P01600.jpg
,P02694.jpg,,1,
,P01627.jpg,,0,P01628.jpg
,P02697.jpg,,1,
,P01629.jpg,,0,P01628.jpg
,P01630.jpg,,0,P01628.jpg
,P01631.jpg,,0,P01628.jpg
,P02698.jpg,,1,
,P01633.jpg,,0,P01632.jpg
,P01634.jpg,,0,P01632.jpg
,P01635.jpg,,0,P01632.jpg
,P02700.jpg,,1,
,P01638.jpg,,0,P01632.jpg
,P01639.jpg,,0,P01642.jpg
,P01640.jpg,,0,P01642.jpg
,P01641.jpg,,0,P01642.jpg
,P02701.jpg,,1,
,P01643.jpg,,0,P01644.jpg
,P02706.jpg,,1,
,P02711.jpg,,1,
,P01646.jpg,,0,P01645.jpg
,P01647.jpg,,0,P01645.jpg
,P01648.jpg,,0,P01645.jpg
,P01649.jpg,,0,P01645.jpg
,P01650.jpg,,0,P01645.jpg
,P01651.jpg,,0,P01645.jpg
,P02715.jpg,,1,
,P01653.jpg,,0,P01652.jpg
,P01654.jpg,,0,P01652.jpg
,P02716.jpg,,1,
,P01682.jpg,,0,P01683.jpg
,P02718.jpg,,1,
,P01684.jpg,,0,P01683.jpg
,P02719.jpg,,1,
,P01686.jpg,,0,P01687.jpg
,P02725.jpg,,1,
,P01688.jpg,,0,P01687.jpg
,P01689.jpg,,0,P01687.jpg
,P01690.jpg,,0,P01687.jpg
,P01691.jpg,,0,P01687.jpg
,P01693.jpg,,0,P01687.jpg
,P01694.jpg,,0,P01687.jpg
,P02730.jpg,,1,
,P01742.jpg,,0,P01741.jpg
,P01749.jpg,,0,P01741.jpg
,P01750.jpg,,0,P01741.jpg
,P01751.jpg,,0,P01741.jpg
,P02731.jpg,,1,
,P01753.jpg,,0,P01741.jpg
,P01754.jpg,,0,P01741.jpg
,P01755.jpg,,0,P01741.jpg
,P01756.jpg,,0,P01741.jpg
,P01757.jpg,,0,P01741.jpg
,P01758.jpg,,0,P01741.jpg
,P01759.jpg,,0,P01741.jpg
,P02732.jpg,,1,
,P01761.jpg,,0,P01760.jpg
,P01762.jpg,,0,P01760.jpg
,P01763.jpg,,0,P01760.jpg
,P01764.jpg,,0,P01760.jpg
,P01765.jpg,,0,P01760.jpg
,P02733.jpg,,1,
,P01767.jpg,,0,P01766.jpg
,P01768.jpg,,0,P01766.jpg
,P01769.jpg,,0,P01766.jpg
,P01770.jpg,,0,P01766.jpg
,P02734.jpg,,1,
,P01772.jpg,,0,P01771.jpg
,P01773.jpg,,0,P01771.jpg
,P01774.jpg,,0,P01771.jpg
,P01775.jpg,,0,P01771.jpg
,P01776.jpg,,0,P01771.jpg
,P02738.jpg,,1,
,P01778.jpg,,0,P01780.jpg
,P01779.jpg,,0,P01780.jpg
,P02739.jpg,,1,
,P01783.jpg,,0,P01780.jpg
,P02746.jpg,,1,
,P01785.jpg,,0,P01780.jpg
,P01786.jpg,,0,P01780.jpg
,P02748.jpg,,1,
,P01789.jpg,,0,P00193.jpg
,P01790.jpg,,0,P00193.jpg
,P01791.jpg,,0,P00193.jpg
,P02749.jpg,,1,
,P02750.jpg,,1,
,P02751.jpg,,1,
,P02753.jpg,,1,
,P02754.jpg,,1,
,P02756.jpg,,1,
,P02757.jpg,,1,
,P02758.jpg,,1,
,P02762.jpg,,1,
,P02764.jpg,,1,
,P02767.jpg,,1,
,P02770.jpg,,1,
,P02771.jpg,,1,
,P02772.jpg,,1,
,P02773.jpg,,1,
,P02777.jpg,,1,
,P02779.jpg,,1,
,P02783.jpg,,1,
,P02789.jpg,,1,
,P02790.jpg,,1,
,P02794.jpg,,1,
,P02796.jpg,,1,
,P02797.jpg,,1,
,P02800.jpg,,1,
,P02802.jpg,,1,
,P02804.jpg,,1,
,P02806.jpg,,1,
,P02807.jpg,,1,
,P02809.jpg,,1,
,P02811.jpg,,1,
,P02813.jpg,,1,
,P02814.jpg,,1,
,P02816.jpg,,1,
,P02825.jpg,,1,
,P02827.jpg,,1,
,P02829.jpg,,1,
,P02831.jpg,,1,
,P02843.jpg,,1,
,P02844.jpg,,1,
,P02851.jpg,,1,
,P02852.jpg,,1,
,P02853.jpg,,1,
,P02854.jpg,,1,
,P02861.jpg,,1,
,P02863.jpg,,1,
,P02864.jpg,,1,
,P02867.jpg,,1,
,P02868.jpg,,1,
,P02871.jpg,,1,
,P02872.jpg,,1,
,P02875.jpg,,1,
,P02877.jpg,,1,
,P02879.jpg,,1,
,P02885.jpg,,1,
,P02887.jpg,,1,
,P02892.jpg,,1,
,P02893.jpg,,1,
,P02899.jpg,,1,
,P02902.jpg,,1,
,P02911.jpg,,1,
,P01883.jpg,,0,P01882.jpg
,P01884.jpg,,0,P01882.jpg
,P01885.jpg,,0,P01882.jpg
,P01886.jpg,,0,P01882.jpg
,P02915.jpg,,1,
,P01888.jpg,,0,P01887.jpg
,P01889.jpg,,0,P01887.jpg
,P01890.jpg,,0,P01887.jpg
,P02918.jpg,,1,
,P02920.jpg,,1,
,P02922.jpg,,1,
,P02924.jpg,,1,
,P02927.jpg,,1,
,P02932.jpg,,1,
,P02935.jpg,,1,
,P02936.jpg,,1,
,P02938.jpg,,1,
,P02946.jpg,,1,
,P02947.jpg,,1,
,P02948.jpg,,1,
,P02953.jpg,,1,
,P02954.jpg,,1,
,P02957.jpg,,1,
,P02958.jpg,,1,
,P02960.jpg,,1,
,P02964.jpg,,1,
,P02965.jpg,,1,
,P02967.jpg,,1,
,P02970.jpg,,1,
,P02973.jpg,,1,
,P02975.jpg,,1,
,P02978.jpg,,1,
,P01915.jpg,,0,P01266.jpg
,P01916.jpg,,0,P01266.jpg
,P01917.jpg,,0,P01266.jpg
,P01918.jpg,,0,P01266.jpg
,P01919.jpg,,0,P01266.jpg
,P01921.jpg,,0,P01266.jpg
,P01922.jpg,,0,P01266.jpg
,P01923.jpg,,0,P01266.jpg
,P01924.jpg,,0,P01266.jpg
,P01925.jpg,,0,P01266.jpg
,P01926.jpg,,0,P01266.jpg
,P01927.jpg,,0,P01266.jpg
,P01928.jpg,,0,P01266.jpg
,P01929.jpg,,0,P01266.jpg
,P01930.jpg,,0,P01266.jpg
,P01931.jpg,,0,P01951.jpg
,P01932.jpg,,0,P01951.jpg
,P01933.jpg,,0,P01951.jpg
,P01934.jpg,,0,P01951.jpg
,P01935.jpg,,0,P01951.jpg
,P01936.jpg,,0,P01951.jpg
,P01937.jpg,,0,P01951.jpg
,P01938.jpg,,0,P01951.jpg
,P01939.jpg,,0,P01951.jpg
,P01940.jpg,,0,P01951.jpg
,P01941.jpg,,0,P01951.jpg
,P01942.jpg,,0,P01951.jpg
,P01943.jpg,,0,P01951.jpg
,P01944.jpg,,0,P01951.jpg
,P01945.jpg,,0,P01951.jpg
,P01946.jpg,,0,P01951.jpg
,P01947.jpg,,0,P01951.jpg
,P02981.jpg,,1,
,P01949.jpg,,0,P01951.jpg
,P01950.jpg,,0,P01951.jpg
,P02985.jpg,,1,
,P01952.jpg,,0,P01951.jpg
,P02988.jpg,,1,
,P02990.jpg,,1,
,P02992.jpg,,1,
,P03001.jpg,,1,
,P01957.jpg,,0,P01956.jpg
,P03004.jpg,,1,
,P01959.jpg,,0,P01956.jpg
,P03008.jpg,,1,
,P01961.jpg,,0,P01956.jpg
,P03011.jpg,,1,
,P01963.jpg,,0,P01956.jpg
,P03012.jpg,,1,
,P01965.jpg,,0,P01956.jpg
,P01966.jpg,,0,P01956.jpg
,P01967.jpg,,0,P01956.jpg
,P01968.jpg,,0,P01956.jpg
,P01969.jpg,,0,P01956.jpg
,P03016.jpg,,1,
,P01971.jpg,,0,P01970.jpg
,P03029.jpg,,1,
,P01973.jpg,,0,P01970.jpg
,P03037.jpg,,1,
,P01975.jpg,,0,P01970.jpg
,P01976.jpg,,0,P01974.jpg
,P01977.jpg,,0,P01974.jpg
,P01978.jpg,,0,P01974.jpg
,P01979.jpg,,0,P01974.jpg
,P01980.jpg,,0,P01974.jpg
,P01981.jpg,,0,P01974.jpg
,P01982.jpg,,0,P01974.jpg
,P01983.jpg,,0,P01974.jpg
,P01984.jpg,,0,P01974.jpg
,P01985.jpg,,0,P01974.jpg
,P01986.jpg,,0,P01204.jpg
,P01987.jpg,,0,P01204.jpg
,P01988.jpg,,0,P01204.jpg
,P01989.jpg,,0,P01204.jpg
,P01990.jpg,,0,P01204.jpg
,P01991.jpg,,0,P01204.jpg
,P01992.jpg,,0,P01204.jpg
,P01993.jpg,,0,P01204.jpg
,P01994.jpg,,0,P01204.jpg
,P01995.jpg,,0,P01204.jpg
,P01996.jpg,,0,P01204.jpg
,P01997.jpg,,0,P01204.jpg
,P01998.jpg,,0,P01204.jpg
,P01999.jpg,,0,P01204.jpg
,P02000.jpg,,0,P01204.jpg
,P02001.jpg,,0,P01204.jpg
,P02002.jpg,,0,P01204.jpg
,P02003.jpg,,0,P01204.jpg
,P02004.jpg,,0,P01204.jpg
,P02005.jpg,,0,P01204.jpg
,P02006.jpg,,0,P01204.jpg
,P02007.jpg,,0,P01204.jpg
,P02008.jpg,,0,P01204.jpg
,P02009.jpg,,0,P01204.jpg
,P02010.jpg,,0,P01204.jpg
,P02011.jpg,,0,P01204.jpg
,P02012.jpg,,0,P01204.jpg
,P02013.jpg,,0,P01204.jpg
,P02014.jpg,,0,P01204.jpg
,P02015.jpg,,0,P01204.jpg
,P02016.jpg,,0,P01204.jpg
,P02017.jpg,,0,P02021.jpg
,P02018.jpg,,0,P02021.jpg
,P02019.jpg,,0,P02021.jpg
,P02020.jpg,,0,P02021.jpg
,P03041.jpg,,1,
,P02022.jpg,,0,P02021.jpg
,P02023.jpg,,0,P02021.jpg
,P02024.jpg,,0,P02021.jpg
,P03047.jpg,,1,
,P02026.jpg,,0,P02025.jpg
,P02027.jpg,,0,P02025.jpg
,P02028.jpg,,0,P02025.jpg
,P02029.jpg,,0,P02025.jpg
,P02030.jpg,,0,P02025.jpg
,P02031.jpg,,0,P02025.jpg
,P02032.jpg,,0,P02025.jpg
,P03051.jpg,,1,
,P02034.jpg,,0,P02033.jpg
,P02035.jpg,,0,P02033.jpg
,P02036.jpg,,0,P02033.jpg
,P02037.jpg,,0,P02033.jpg
,P02038.jpg,,0,P02033.jpg
,P02039.jpg,,0,P02033.jpg
,P02040.jpg,,0,P02033.jpg
,P02041.jpg,,0,P02033.jpg
,P02042.jpg,,0,P02033.jpg
,P02043.jpg,,0,P02033.jpg
,P02044.jpg,,0,P02033.jpg
,P02045.jpg,,0,P02033.jpg
,P02046.jpg,,0,P02033.jpg
,P02047.jpg,,0,P02048.jpg
,P03053.jpg,,1,
,P03055.jpg,,1,
,P02050.jpg,,0,P02048.jpg
,P03057.jpg,,1,
,P02052.jpg,,0,P02051.jpg
,P03060.jpg,,1,
,P02054.jpg,,0,P02053.jpg
,P03066.jpg,,1,
,P02056.jpg,,0,P02055.jpg
,P03068.jpg,,1,
,P02058.jpg,,0,P02057.jpg
,P02059.jpg,,0,P02051.jpg
,P02060.jpg,,0,P02051.jpg
,P02061.jpg,,0,P02057.jpg
,P02062.jpg,,0,P02057.jpg
,P03070.jpg,,1,
,P02098.jpg,,0,P02099.jpg
,P03071.jpg,,1,
,P02100.jpg,,0,P02099.jpg
,P03073.jpg,,1,
,P02102.jpg,,0,P02099.jpg
,P03075.jpg,,1,
,P02104.jpg,,0,P02099.jpg
,P03078.jpg,,1,
,P02106.jpg,,0,P02099.jpg
,P03085.jpg,,1,
,P02108.jpg,,0,P02099.jpg
,P03089.jpg,,1,
,P02110.jpg,,0,P02099.jpg
,P03098.jpg,,1,
,P02112.jpg,,0,P02099.jpg
,P03105.jpg,,1,
,P03111.jpg,,1,
,P02115.jpg,,0,P02114.jpg
,P02116.jpg,,0,P02114.jpg
,P02117.jpg,,0,P02114.jpg
,P02118.jpg,,0,P02114.jpg
,P02119.jpg,,0,P02114.jpg
,P02120.jpg,,0,P02114.jpg
,P02121.jpg,,0,P02114.jpg
,P03115.jpg,,1,
,P02174.jpg,,0,P02173.jpg
,P02175.jpg,,0,P02173.jpg
,P03118.jpg,,1,
,P02177.jpg,,0,P02173.jpg
,P02178.jpg,,0,P02173.jpg
,P02179.jpg,,0,P02173.jpg
,P03121.jpg,,1,
,P02181.jpg,,0,P02173.jpg
,P02182.jpg,,0,P02173.jpg
,P03124.jpg,,1,
,P02184.jpg,,0,P02173.jpg
,P03133.jpg,,1,
,P02186.jpg,,0,P02173.jpg
,P02187.jpg,,0,P02173.jpg
,P03145.jpg,,1,
,P02189.jpg,,0,P02191.jpg
,P02190.jpg,,0,P02191.jpg
,P03147.jpg,,1,
,P02192.jpg,,0,P02191.jpg
,P02193.jpg,,0,P02195.jpg
,P02194.jpg,,0,P02195.jpg
,P03149.jpg,,1,
,P03152.jpg,,1,
,P03163.jpg,,1,
,P03164.jpg,,1,
,P03694.jpg,,1,
,P03697.jpg,,1,
,P03703.jpg,,1,
,P03711.jpg,,1,
,P02203.jpg,,0,P02202.jpg
,P03715.jpg,,1,
,P02205.jpg,,0,P02204.jpg
,P03719.jpg,,1,
,P02207.jpg,,0,P02206.jpg
,P02208.jpg,,0,P02206.jpg
,P02209.jpg,,0,P02206.jpg
,P02210.jpg,,0,P02206.jpg
,P03722.jpg,,1,
,P02212.jpg,,0,P02206.jpg
,P02213.jpg,,0,P02206.jpg
,P02214.jpg,,0,P02206.jpg
,P03725.jpg,,1,
,P02216.jpg,,0,P02206.jpg
,P02217.jpg,,0,P02206.jpg
,P02218.jpg,,0,P02206.jpg
,P03731.jpg,,1,
,P02220.jpg,,0,P02206.jpg
,P02221.jpg,,0,P02206.jpg
,P02222.jpg,,0,P02223.jpg
,P03736.jpg,,1,
,P03738.jpg,,1,
,P03740.jpg,,1,
,P03745.jpg,,1,
,P02228.jpg,,0,P01204.jpg
,P02230.jpg,,0,P01204.jpg
,P02231.jpg,,0,P01204.jpg
,P02232.jpg,,0,P01204.jpg
,P02233.jpg,,0,P01204.jpg
,P02234.jpg,,0,P01204.jpg
,P02235.jpg,,0,P01204.jpg
,P02236.jpg,,0,P01204.jpg
,P02237.jpg,,0,P01204.jpg
,P02238.jpg,,0,P01204.jpg
,P02239.jpg,,0,P01204.jpg
,P02240.jpg,,0,P01220.jpg
,P02241.jpg,,0,P01220.jpg
,P02242.jpg,,0,P01220.jpg
,P02243.jpg,,0,P01220.jpg
,P02244.jpg,,0,P01220.jpg
,P02245.jpg,,0,P01220.jpg
,P02246.jpg,,0,P01220.jpg
,P02247.jpg,,0,P01220.jpg
,P02248.jpg,,0,P01220.jpg
,P02249.jpg,,0,P01220.jpg
,P02250.jpg,,0,P01220.jpg
,P02251.jpg,,0,P01220.jpg
,P02252.jpg,,0,P01220.jpg
,P02253.jpg,,0,P01220.jpg
,P03751.jpg,,1,
,P03755.jpg,,1,
,P03756.jpg,,1,
,P04055.jpg,,1,
,P04114.jpg,,1,
,P04232.jpg,,1,
,P04385.jpg,,1,
,P04391.jpg,,1,
,P04671.jpg,,1,
,P02263.jpg,,0,P01360.jpg
,P02264.jpg,,0,P01360.jpg
,P02265.jpg,,0,P01360.jpg
,P02266.jpg,,0,P01360.jpg
,P02267.jpg,,0,P01360.jpg
,P02268.jpg,,0,P01360.jpg
,P02269.jpg,,0,P01360.jpg
,P02270.jpg,,0,P01360.jpg
,P02271.jpg,,0,P01360.jpg
,P02272.jpg,,0,P01360.jpg
,P02273.jpg,,0,P01360.jpg
,P02274.jpg,,0,P01364.jpg
,P02275.jpg,,0,P01364.jpg
,P05506.jpg,,1,
,P05507.jpg,,1,
,P06384.jpg,,1,
,P02279.jpg,,0,P02278.jpg
,P02280.jpg,,0,P02278.jpg
,P02281.jpg,,0,P02278.jpg
,P07251.jpg,,1,
,P02283.jpg,,0,P02282.jpg
,P02284.jpg,,0,P02282.jpg
,P02285.jpg,,0,P02282.jpg
,P08924.jpg,,1,
,P02287.jpg,,0,P02286.jpg
,P02288.jpg,,0,P02286.jpg
,P08927.jpg,,1,
,P02290.jpg,,0,P02289.jpg
,P02291.jpg,,0,P02289.jpg
,P02292.jpg,,0,P02289.jpg
,P02293.jpg,,0,P02289.jpg
,P02294.jpg,,0,P02289.jpg
,P02295.jpg,,0,P02289.jpg
,P02296.jpg,,0,P02289.jpg
,P02297.jpg,,0,P02289.jpg
,P02298.jpg,,0,P02289.jpg
,P02299.jpg,,0,P02289.jpg
,P02300.jpg,,0,P02289.jpg
,P00050.jpg,,0,P03725.jpg
,P00056.jpg,,0,P02978.jpg
,P00057.jpg,,0,P02978.jpg
,P00058.jpg,,0,P02978.jpg
,P00059.jpg,,0,P02978.jpg
,P00060.jpg,,0,P02978.jpg
,P00064.jpg,,0,P03121.jpg
,P00087.jpg,,0,P03121.jpg
,P00091.jpg,,0,P03121.jpg
,P00092.jpg,,0,P03121.jpg
,P00096.jpg,,0,P03121.jpg
,P00098.jpg,,0,P03121.jpg
,P00099.jpg,,0,P03121.jpg
,P00102.jpg,,0,P03121.jpg
,P00115.jpg,,0,P03121.jpg
,P00116.jpg,,0,P03121.jpg
,P00117.jpg,,0,P03121.jpg
,P00118.jpg,,0,P03121.jpg
,P00119.jpg,,0,P03121.jpg
,P00121.jpg,,0,P03121.jpg
,P00122.jpg,,0,P03121.jpg
,P00124.jpg,,0,P03121.jpg
,P00125.jpg,,0,P03121.jpg
,P00126.jpg,,0,P03121.jpg
,P00127.jpg,,0,P03121.jpg
,P00128.jpg,,0,P03121.jpg
,P00129.jpg,,0,P03121.jpg
,P00131.jpg,,0,P03121.jpg
,P00132.jpg,,0,P03121.jpg
,P00134.jpg,,0,P03121.jpg
,P00136.jpg,,0,P03121.jpg
,P00137.jpg,,0,P03121.jpg
,P00138.jpg,,0,P03121.jpg
,P00139.jpg,,0,P03121.jpg
,P00140.jpg,,0,P03121.jpg
,P00141.jpg,,0,P03121.jpg
,P00142.jpg,,0,P03121.jpg
,P00144.jpg,,0,P03121.jpg
,P00146.jpg,,0,P03121.jpg
,P00153.jpg,,0,P03121.jpg
,P00154.jpg,,0,P03121.jpg
,P00156.jpg,,0,P03121.jpg
,P00158.jpg,,0,P03121.jpg
,P00160.jpg,,0,P03121.jpg
,P00163.jpg,,0,P03121.jpg
,P00165.jpg,,0,P03121.jpg
,P00166.jpg,,0,P03121.jpg
,P00167.jpg,,0,P03121.jpg
,P00168.jpg,,0,P03121.jpg
,P00169.jpg,,0,P03121.jpg
,P00170.jpg,,0,P03121.jpg
,P00173.jpg,,0,P03121.jpg
,P00174.jpg,,0,P03121.jpg
,P00186.jpg,,0,P03121.jpg
,P00196.jpg,,0,P03121.jpg
,P00197.jpg,,0,P03121.jpg
,P00204.jpg,,0,P03121.jpg
,P00221.jpg,,0,P03121.jpg
,P02370.jpg,,0,P02371.jpg
,P00225.jpg,,0,P02464.jpg
,P00251.jpg,,0,P02382.jpg
,P00268.jpg,,0,P03121.jpg
,P00274.jpg,,0,P00429.jpg
,P00275.jpg,,0,P00429.jpg
,P00278.jpg,,0,P00429.jpg
,P02377.jpg,,0,P02371.jpg
,P00279.jpg,,0,P00010.jpg
,P00281.jpg,,0,P02464.jpg
,P00288.jpg,,0,P02382.jpg
,P02381.jpg,,0,P02371.jpg
,P00292.jpg,,0,P00010.jpg
,P00293.jpg,,0,P02464.jpg
,P00295.jpg,,0,P02382.jpg
,P00298.jpg,,0,P00429.jpg
,P02386.jpg,,0,P02371.jpg
,P00303.jpg,,0,P00010.jpg
,P00305.jpg,,0,P02464.jpg
,P00306.jpg,,0,P02382.jpg
,P00308.jpg,,0,P00429.jpg
,P02391.jpg,,0,P02371.jpg
,P00309.jpg,,0,P00010.jpg
,P00314.jpg,,0,P02464.jpg
,P00315.jpg,,0,P02382.jpg
,P00317.jpg,,0,P00429.jpg
,P00318.jpg,,0,P00429.jpg
,P00319.jpg,,0,P00429.jpg
,P02398.jpg,,0,P02371.jpg
,P02399.jpg,,0,P02371.jpg
,P02400.jpg,,0,P02371.jpg
,P00322.jpg,,0,P00010.jpg
,P02402.jpg,,0,P02371.jpg
,P02403.jpg,,0,P02371.jpg
,P02404.jpg,,0,P02371.jpg
,P00324.jpg,,0,P00010.jpg
,P00325.jpg,,0,P02464.jpg
,P00327.jpg,,0,P02382.jpg
,P00328.jpg,,0,P00429.jpg
,P00331.jpg,,0,P00429.jpg
,P02411.jpg,,0,P02371.jpg
,P00336.jpg,,0,P00010.jpg
,P02413.jpg,,0,P02371.jpg
,P00338.jpg,,0,P00010.jpg
,P00342.jpg,,0,P02464.jpg
,P02416.jpg,,0,P02371.jpg
,P00344.jpg,,0,P00010.jpg
,P00346.jpg,,0,P02464.jpg
,P02419.jpg,,0,P02371.jpg
,P02420.jpg,,0,P02371.jpg
,P00347.jpg,,0,P00010.jpg
,P00348.jpg,,0,P02464.jpg
,P02423.jpg,,0,P02371.jpg
,P00350.jpg,,0,P00010.jpg
,P00373.jpg,,0,P02464.jpg
,P02426.jpg,,0,P02371.jpg
,P00384.jpg,,0,P00010.jpg
,P00387.jpg,,0,P02464.jpg
,P02429.jpg,,0,P02371.jpg
,P00389.jpg,,0,P00010.jpg
,P02431.jpg,,0,P02371.jpg
,P00396.jpg,,0,P00010.jpg
,P02433.jpg,,0,P02371.jpg
,P02434.jpg,,0,P02371.jpg
,P00403.jpg,,0,P00010.jpg
,P02436.jpg,,0,P02371.jpg
,P00405.jpg,,0,P00010.jpg
,P00406.jpg,,0,P02464.jpg
,P02440.jpg,,0,P02437.jpg
,P02441.jpg,,0,P02437.jpg
,P00407.jpg,,0,P02711.jpg
,P00408.jpg,,0,P00429.jpg
,P02444.jpg,,0,P02437.jpg
,P00411.jpg,,0,P02711.jpg
,P00412.jpg,,0,P03147.jpg
,P00413.jpg,,0,P03147.jpg
,P00414.jpg,,0,P03147.jpg
,P00416.jpg,,0,P03147.jpg
,P00418.jpg,,0,P03147.jpg
,P02451.jpg,,0,P02450.jpg
,P02452.jpg,,0,P02454.jpg
,P02453.jpg,,0,P02454.jpg
,P00419.jpg,,0,P02454.jpg
,P02455.jpg,,0,P02454.jpg
,P02456.jpg,,0,P02454.jpg
,P02457.jpg,,0,P02458.jpg
,P00420.jpg,,0,P02458.jpg
,P02459.jpg,,0,P02458.jpg
,P02460.jpg,,0,P02461.jpg
,P00421.jpg,,0,P00739.jpg
,P00422.jpg,,0,P00043.jpg
,P00423.jpg,,0,P02481.jpg
,P00425.jpg,,0,P03133.jpg
,P02465.jpg,,0,P02464.jpg
,P00426.jpg,,0,P00010.jpg
,P02467.jpg,,0,P02464.jpg
,P00427.jpg,,0,P02464.jpg
,P02469.jpg,,0,P02464.jpg
,P00447.jpg,,0,P02464.jpg
,P02471.jpg,,0,P02464.jpg
,P00459.jpg,,0,P02464.jpg
,P02473.jpg,,0,P02470.jpg
,P02474.jpg,,0,P02476.jpg
,P02475.jpg,,0,P02470.jpg
,P00460.jpg,,0,P02831.jpg
,P02477.jpg,,0,P02470.jpg
,P02478.jpg,,0,P02476.jpg
,P02479.jpg,,0,P02470.jpg
,P02480.jpg,,0,P02470.jpg
,P00462.jpg,,0,P02831.jpg
,P02482.jpg,,0,P02470.jpg
,P01236.jpg,,0,P02831.jpg
,P01239.jpg,,0,P00027.jpg
,P02485.jpg,,0,P02484.jpg
,P01371.jpg,,0,P02831.jpg
,P01529.jpg,,0,P02481.jpg
,P02488.jpg,,0,P02489.jpg
,P01788.jpg,,0,P02481.jpg
,P01792.jpg,,0,P02476.jpg
,P01793.jpg,,0,P01632.jpg
,P01794.jpg,,0,P01632.jpg
,P02493.jpg,,0,P02476.jpg
,P01795.jpg,,0,P02489.jpg
,P02495.jpg,,0,P02476.jpg
,P01796.jpg,,0,P02481.jpg
,P01797.jpg,,0,P01632.jpg
,P01798.jpg,,0,P01632.jpg
,P02499.jpg,,0,P02476.jpg
,P01799.jpg,,0,P02489.jpg
,P02501.jpg,,0,P02476.jpg
,P02502.jpg,,0,P02476.jpg
,P01800.jpg,,0,P02489.jpg
,P02504.jpg,,0,P02476.jpg
,P02505.jpg,,0,P02476.jpg
,P02506.jpg,,0,P02476.jpg
,P01801.jpg,,0,P02481.jpg
,P02508.jpg,,0,P02476.jpg
,P01802.jpg,,0,P02489.jpg
,P02511.jpg,,0,P02476.jpg
,P02512.jpg,,0,P02476.jpg
,P02514.jpg,,0,P02476.jpg
,P01803.jpg,,0,P02489.jpg
,P01804.jpg,,0,P02481.jpg
,P02517.jpg,,0,P02476.jpg
,P02518.jpg,,0,P02476.jpg
,P01805.jpg,,0,P02489.jpg
,P02520.jpg,,0,P02476.jpg
,P02521.jpg,,0,P02476.jpg
,P01806.jpg,,0,P02489.jpg
,P02523.jpg,,0,P02476.jpg
,P01807.jpg,,0,P02489.jpg
,P01808.jpg,,0,P01645.jpg
,P01809.jpg,,0,P01645.jpg
,P01810.jpg,,0,P01645.jpg
,P01811.jpg,,0,P01645.jpg
,P01812.jpg,,0,P01645.jpg
,P01813.jpg,,0,P01645.jpg
,P01814.jpg,,0,P01645.jpg
,P01815.jpg,,0,P01645.jpg
,P02533.jpg,,0,P02476.jpg
,P02535.jpg,,0,P02476.jpg
,P01816.jpg,,0,P02489.jpg
,P02537.jpg,,0,P02476.jpg
,P01817.jpg,,0,P02489.jpg
,P02539.jpg,,0,P02476.jpg
,P02540.jpg,,0,P02476.jpg
,P02541.jpg,,0,P02476.jpg
,P01818.jpg,,0,P02489.jpg
,P01819.jpg,,0,P01645.jpg
,P01820.jpg,,0,P01645.jpg
,P02545.jpg,,0,P02476.jpg
,P01821.jpg,,0,P02489.jpg
,P02547.jpg,,0,P02476.jpg
,P01822.jpg,,0,P02489.jpg
,P02550.jpg,,0,P02552.jpg
,P01823.jpg,,0,P01645.jpg
,P01855.jpg,,0,P02711.jpg
,P02553.jpg,,0,P02476.jpg
,P01856.jpg,,0,P02489.jpg
,P02555.jpg,,0,P02476.jpg
,P01857.jpg,,0,P02489.jpg
,P02557.jpg,,0,P02476.jpg
,P01858.jpg,,0,P02489.jpg
,P02559.jpg,,0,P02476.jpg
,P02560.jpg,,0,P02476.jpg
,P01859.jpg,,0,P02489.jpg
,P02563.jpg,,0,P02476.jpg
,P02564.jpg,,0,P02476.jpg
,P01860.jpg,,0,P02489.jpg
,P02566.jpg,,0,P02476.jpg
,P02567.jpg,,0,P02476.jpg
,P01861.jpg,,0,P02489.jpg
,P02569.jpg,,0,P02476.jpg
,P02570.jpg,,0,P02476.jpg
,P01862.jpg,,0,P02489.jpg
,P02572.jpg,,0,P02476.jpg
,P02573.jpg,,0,P02476.jpg
,P02574.jpg,,0,P02476.jpg
,P02575.jpg,,0,P02476.jpg
,P01863.jpg,,0,P02489.jpg
,P02577.jpg,,0,P02476.jpg
,P02579.jpg,,0,P02476.jpg
,P02580.jpg,,0,P02476.jpg
,P01864.jpg,,0,P02489.jpg
,P02582.jpg,,0,P02476.jpg
,P02583.jpg,,0,P02476.jpg
,P02584.jpg,,0,P02476.jpg
,P02585.jpg,,0,P02476.jpg
,P02586.jpg,,0,P02476.jpg
,P01865.jpg,,0,P02489.jpg
,P01866.jpg,,0,P02481.jpg
,P02589.jpg,,0,P02476.jpg
,P01867.jpg,,0,P02489.jpg
,P01868.jpg,,0,P02481.jpg
,P01869.jpg,,0,P02382.jpg
,P01870.jpg,,0,P02476.jpg
,P01871.jpg,,0,P01784.jpg
,P01872.jpg,,0,P01784.jpg
,P01873.jpg,,0,P01784.jpg
,P01874.jpg,,0,P01784.jpg
,P01875.jpg,,0,P01784.jpg
,P01876.jpg,,0,P01784.jpg
,P01877.jpg,,0,P01784.jpg
,P01878.jpg,,0,P01784.jpg
,P01879.jpg,,0,P01784.jpg
,P01880.jpg,,0,P01784.jpg
,P01881.jpg,,0,P01784.jpg
,P01891.jpg,,0,P01882.jpg
,P01892.jpg,,0,P01882.jpg
,P01893.jpg,,0,P01882.jpg
,P01894.jpg,,0,P01882.jpg
,P01895.jpg,,0,P01882.jpg
,P01896.jpg,,0,P01882.jpg
,P01897.jpg,,0,P01882.jpg
,P01898.jpg,,0,P01882.jpg
,P01899.jpg,,0,P01387.jpg
,P01900.jpg,,0,P01387.jpg
,P01901.jpg,,0,P01387.jpg
,P01902.jpg,,0,P01387.jpg
,P01903.jpg,,0,P01387.jpg
,P01904.jpg,,0,P01387.jpg
,P01905.jpg,,0,P01387.jpg
,P01906.jpg,,0,P01387.jpg
,P01907.jpg,,0,P01387.jpg
,P01908.jpg,,0,P01387.jpg
,P01909.jpg,,0,P01387.jpg
,P01910.jpg,,0,P01387.jpg
,P01911.jpg,,0,P01387.jpg
,P01912.jpg,,0,P01387.jpg
,P01913.jpg,,0,P01387.jpg
,P01914.jpg,,0,P01387.jpg
,P02196.jpg,,0,P02202.jpg
,P02197.jpg,,0,P02202.jpg
,P02198.jpg,,0,P02202.jpg
,P02199.jpg,,0,P02202.jpg
,P02200.jpg,,0,P02202.jpg
,P02201.jpg,,0,P02202.jpg
,P02226.jpg,,0,P01625.jpg
,P02227.jpg,,0,P01625.jpg
,P02254.jpg,,0,P02435.jpg
,P02255.jpg,,0,P02435.jpg
,P02256.jpg,,0,P02435.jpg
,P02257.jpg,,0,P02435.jpg
,P02258.jpg,,0,P02435.jpg
,P02259.jpg,,0,P02435.jpg
,P02260.jpg,,0,P02435.jpg
,P02261.jpg,,0,P02435.jpg
,P02262.jpg,,0,P02435.jpg
,P02276.jpg,,0,P02435.jpg
,P02303.jpg,,0,P02481.jpg
,P02304.jpg,,0,P03725.jpg
,P02305.jpg,,0,P03725.jpg
,P02306.jpg,,0,P03725.jpg
,P02314.jpg,,0,P00272.jpg
,P02315.jpg,,0,P03121.jpg
,P02316.jpg,,0,P03098.jpg
,P02317.jpg,,0,P00272.jpg
,P02318.jpg,,0,P00272.jpg
,P02661.jpg,,0,P02665.jpg
,P02319.jpg,,0,P02692.jpg
,P02320.jpg,,0,P03098.jpg
,P02321.jpg,,0,P00272.jpg
,P02322.jpg,,0,P02665.jpg
,P02323.jpg,,0,P03098.jpg
,P02324.jpg,,0,P02464.jpg
,P02325.jpg,,0,P02053.jpg
,P02326.jpg,,0,P02464.jpg
,P02327.jpg,,0,P02464.jpg
,P02328.jpg,,0,P02053.jpg
,P02329.jpg,,0,P02464.jpg
,P02330.jpg,,0,P02053.jpg
,P02331.jpg,,0,P00991.jpg
,P02332.jpg,,0,P02053.jpg
,P02333.jpg,,0,P00991.jpg
,P02334.jpg,,0,P02665.jpg
,P02335.jpg,,0,P00027.jpg
,P02336.jpg,,0,P02053.jpg
,P02680.jpg,,0,P02665.jpg
,P02338.jpg,,0,P02692.jpg
,P02343.jpg,,0,P02665.jpg
,P02344.jpg,,0,P00027.jpg
,P02345.jpg,,0,P02053.jpg
,P02347.jpg,,0,P00027.jpg
,P02349.jpg,,0,P00027.jpg
,P02350.jpg,,0,P02053.jpg
,P02352.jpg,,0,P00027.jpg
,P02689.jpg,,0,P02665.jpg
,P02353.jpg,,0,P02692.jpg
,P02356.jpg,,0,P02665.jpg
,P02358.jpg,,0,P00027.jpg
,P02359.jpg,,0,P02053.jpg
,P02360.jpg,,0,P02464.jpg
,P02361.jpg,,0,P00027.jpg
,P02362.jpg,,0,P02414.jpg
,P02363.jpg,,0,P02464.jpg
,P02364.jpg,,0,P02464.jpg
,P02699.jpg,,0,P02693.jpg
,P02365.jpg,,0,P02414.jpg
,P02367.jpg,,0,P02464.jpg
,P02368.jpg,,0,P02053.jpg
,P02369.jpg,,0,P02711.jpg
,P02372.jpg,,0,P02450.jpg
,P02373.jpg,,0,P02053.jpg
,P02375.jpg,,0,P02053.jpg
,P02378.jpg,,0,P02965.jpg
,P02379.jpg,,0,P02450.jpg
,P02380.jpg,,0,P02053.jpg
,P02383.jpg,,0,P02414.jpg
,P02384.jpg,,0,P02053.jpg
,P02387.jpg,,0,P02414.jpg
,P02388.jpg,,0,P02053.jpg
,P02390.jpg,,0,P02450.jpg
,P02394.jpg,,0,P02053.jpg
,P02395.jpg,,0,P02053.jpg
,P02396.jpg,,0,P02414.jpg
,P02397.jpg,,0,P02450.jpg
,P02401.jpg,,0,P02053.jpg
,P02405.jpg,,0,P02053.jpg
,P02406.jpg,,0,P02414.jpg
,P02408.jpg,,0,P02414.jpg
,P02409.jpg,,0,P02450.jpg
,P02412.jpg,,0,P02414.jpg
,P02415.jpg,,0,P02053.jpg
,P02417.jpg,,0,P02414.jpg
,P02422.jpg,,0,P02053.jpg
,P02424.jpg,,0,P02053.jpg
,P02425.jpg,,0,P02414.jpg
,P02427.jpg,,0,P02053.jpg
,P02428.jpg,,0,P02450.jpg
,P02430.jpg,,0,P02053.jpg
,P02432.jpg,,0,P02414.jpg
,P02439.jpg,,0,P02053.jpg
,P02442.jpg,,0,P02053.jpg
,P02446.jpg,,0,P02053.jpg
,P02447.jpg,,0,P02450.jpg
,P02448.jpg,,0,P02450.jpg
,P02462.jpg,,0,P02697.jpg
,P02463.jpg,,0,P02697.jpg
,P02483.jpg,,0,P02871.jpg
,P02486.jpg,,0,P02871.jpg
,P02490.jpg,,0,P02871.jpg
,P02491.jpg,,0,P02697.jpg
,P02492.jpg,,0,P02871.jpg
,P02494.jpg,,0,P02871.jpg
,P02496.jpg,,0,P02414.jpg
,P02497.jpg,,0,P02697.jpg
,P02498.jpg,,0,P02871.jpg
,P02500.jpg,,0,P02414.jpg
,P02503.jpg,,0,P02692.jpg
,P02507.jpg,,0,P02871.jpg
,P02509.jpg,,0,P02871.jpg
,P02515.jpg,,0,P02414.jpg
,P02516.jpg,,0,P02414.jpg
,P02519.jpg,,0,P02414.jpg
,P02522.jpg,,0,P02053.jpg
,P02524.jpg,,0,P02053.jpg
,P02525.jpg,,0,P02414.jpg
,P02526.jpg,,0,P02692.jpg
,P02527.jpg,,0,P02871.jpg
,P02528.jpg,,0,P02414.jpg
,P02529.jpg,,0,P02871.jpg
,P02530.jpg,,0,P02871.jpg
,P02531.jpg,,0,P02414.jpg
,P02532.jpg,,0,P02414.jpg
,P02536.jpg,,0,P02414.jpg
,P02538.jpg,,0,P02414.jpg
,P02542.jpg,,0,P02871.jpg
,P02543.jpg,,0,P02692.jpg
,P02544.jpg,,0,P02476.jpg
,P02546.jpg,,0,P02414.jpg
,P02548.jpg,,0,P02692.jpg
,P02551.jpg,,0,P02692.jpg
,P02554.jpg,,0,P02692.jpg
,P02556.jpg,,0,P02414.jpg
,P02558.jpg,,0,P02481.jpg
,P02562.jpg,,0,P02414.jpg
,P02565.jpg,,0,P02692.jpg
,P02568.jpg,,0,P02414.jpg
,P02571.jpg,,0,P02414.jpg
,P02576.jpg,,0,P02692.jpg
,P02581.jpg,,0,P02414.jpg
,P02587.jpg,,0,P00005.jpg
,P02588.jpg,,0,P00005.jpg
,P02590.jpg,,0,P00006.jpg
,P02591.jpg,,0,P00008.jpg
,P02592.jpg,,0,P00008.jpg
,P02593.jpg,,0,P02414.jpg
,P02594.jpg,,0,P00008.jpg
,P02595.jpg,,0,P00008.jpg
,P02596.jpg,,0,P02871.jpg
,P02597.jpg,,0,P00008.jpg
,P02598.jpg,,0,P00991.jpg
,P02599.jpg,,0,P00008.jpg
,P02600.jpg,,0,P02414.jpg
,P02601.jpg,,0,P02697.jpg
,P02602.jpg,,0,P00991.jpg
,P02603.jpg,,0,P02871.jpg
,P02604.jpg,,0,P00991.jpg
,P02605.jpg,,0,P02697.jpg
,P02606.jpg,,0,P00008.jpg
,P02607.jpg,,0,P02414.jpg
,P02608.jpg,,0,P00008.jpg
,P02609.jpg,,0,P02697.jpg
,P02610.jpg,,0,P00991.jpg
,P02611.jpg,,0,P02414.jpg
,P02612.jpg,,0,P02871.jpg
,P02618.jpg,,0,P02697.jpg
,P02619.jpg,,0,P02697.jpg
,P02620.jpg,,0,P00008.jpg
,P02621.jpg,,0,P00991.jpg
,P02622.jpg,,0,P02871.jpg
,P02623.jpg,,0,P02414.jpg
,P02624.jpg,,0,P02871.jpg
,P02625.jpg,,0,P00991.jpg
,P02626.jpg,,0,P02414.jpg
,P02627.jpg,,0,P00008.jpg
,P02628.jpg,,0,P02697.jpg
,P02629.jpg,,0,P00008.jpg
,P02630.jpg,,0,P00991.jpg
,P02631.jpg,,0,P02697.jpg
,P02632.jpg,,0,P02414.jpg
,P02633.jpg,,0,P02692.jpg
,P02634.jpg,,0,P02414.jpg
,P02635.jpg,,0,P00008.jpg
,P02636.jpg,,0,P00991.jpg
,P02637.jpg,,0,P00991.jpg
,P02638.jpg,,0,P00008.jpg
,P02639.jpg,,0,P00008.jpg
,P02640.jpg,,0,P00008.jpg
,P02641.jpg,,0,P00008.jpg
,P02642.jpg,,0,P02697.jpg
,P02643.jpg,,0,P02697.jpg
,P02644.jpg,,0,P02697.jpg
,P02645.jpg,,0,P02697.jpg
,P02646.jpg,,0,P00008.jpg
,P02647.jpg,,0,P00008.jpg
,P02648.jpg,,0,P00008.jpg
,P02649.jpg,,0,P02697.jpg
,P02650.jpg,,0,P02777.jpg
,P02651.jpg,,0,P02697.jpg
,P02652.jpg,,0,P02697.jpg
,P02653.jpg,,0,P02697.jpg
,P02654.jpg,,0,P02777.jpg
,P02655.jpg,,0,P02777.jpg
,P02656.jpg,,0,P02697.jpg
,P02657.jpg,,0,P02414.jpg
,P02659.jpg,,0,P02777.jpg
,P02662.jpg,,0,P00991.jpg
,P02664.jpg,,0,P02777.jpg
,P02666.jpg,,0,P00991.jpg
,P02667.jpg,,0,P02697.jpg
,P02669.jpg,,0,P02414.jpg
,P02670.jpg,,0,P00008.jpg
,P02671.jpg,,0,P00991.jpg
,P02672.jpg,,0,P02692.jpg
,P02673.jpg,,0,P00991.jpg
,P02675.jpg,,0,P02414.jpg
,P02676.jpg,,0,P02697.jpg
,P02677.jpg,,0,P02414.jpg
,P02678.jpg,,0,P02414.jpg
,P02681.jpg,,0,P02414.jpg
,P02683.jpg,,0,P02697.jpg
,P02684.jpg,,0,P02700.jpg
,P02685.jpg,,0,P00008.jpg
,P02686.jpg,,0,P02697.jpg
,P02687.jpg,,0,P02414.jpg
,P02690.jpg,,0,P00008.jpg
,P02691.jpg,,0,P02414.jpg
,P02693.jpg,,0,P02700.jpg
,P02695.jpg,,0,P02414.jpg
,P02696.jpg,,0,P02700.jpg
,P02702.jpg,,0,P00991.jpg
,P02703.jpg,,0,P02692.jpg
,P02704.jpg,,0,P00008.jpg
,P02705.jpg,,0,P02697.jpg
,P02707.jpg,,0,P00008.jpg
,P02708.jpg,,0,P02414.jpg
,P02709.jpg,,0,P02700.jpg
,P02710.jpg,,0,P02700.jpg
,P02712.jpg,,0,P02414.jpg
,P02713.jpg,,0,P02700.jpg
,P02714.jpg,,0,P02700.jpg
,P02717.jpg,,0,P00008.jpg
,P02720.jpg,,0,P02697.jpg
,P02721.jpg,,0,P02692.jpg
,P02722.jpg,,0,P02414.jpg
,P02723.jpg,,0,P02414.jpg
,P02724.jpg,,0,P00008.jpg
,P02726.jpg,,0,P00008.jpg
,P02727.jpg,,0,P00008.jpg
,P02728.jpg,,0,P02414.jpg
,P02729.jpg,,0,P02697.jpg
,P02735.jpg,,0,P02692.jpg
,P02736.jpg,,0,P00008.jpg
,P02737.jpg,,0,P00008.jpg
,P02740.jpg,,0,P02700.jpg
,P02741.jpg,,0,P02692.jpg
,P02742.jpg,,0,P02414.jpg
,P02743.jpg,,0,P00008.jpg
,P02744.jpg,,0,P02692.jpg
,P02745.jpg,,0,P00008.jpg
,P02747.jpg,,0,P02414.jpg
,P02752.jpg,,0,P02697.jpg
,P02755.jpg,,0,P00008.jpg
,P02759.jpg,,0,P02871.jpg
,P02760.jpg,,0,P02871.jpg
,P02761.jpg,,0,P02871.jpg
,P02763.jpg,,0,P02692.jpg
,P02765.jpg,,0,P02965.jpg
,P02766.jpg,,0,P00008.jpg
,P02769.jpg,,0,P00008.jpg
,P02774.jpg,,0,P02697.jpg
,P02775.jpg,,0,P00008.jpg
,P02776.jpg,,0,P02965.jpg
,P02778.jpg,,0,P02697.jpg
,P02780.jpg,,0,P00008.jpg
,P02782.jpg,,0,P02965.jpg
,P02784.jpg,,0,P00991.jpg
,P02785.jpg,,0,P02965.jpg
,P02786.jpg,,0,P02829.jpg
,P02787.jpg,,0,P02829.jpg
,P02788.jpg,,0,P02697.jpg
,P02791.jpg,,0,P02697.jpg
,P02792.jpg,,0,P00991.jpg
,P02793.jpg,,0,P02697.jpg
,P02795.jpg,,0,P02697.jpg
,P02798.jpg,,0,P02829.jpg
,P02799.jpg,,0,P00991.jpg
,P02801.jpg,,0,P02965.jpg
,P02803.jpg,,0,P00991.jpg
,P02805.jpg,,0,P02965.jpg
,P02808.jpg,,0,P02697.jpg
,P02810.jpg,,0,P02965.jpg
,P02812.jpg,,0,P00991.jpg
,P02815.jpg,,0,P00312.jpg
,P02817.jpg,,0,P02697.jpg
,P02818.jpg,,0,P02697.jpg
,P02819.jpg,,0,P02697.jpg
,P02826.jpg,,0,P00312.jpg
,P02828.jpg,,0,P00312.jpg
,P02832.jpg,,0,P02829.jpg
,P02833.jpg,,0,P02829.jpg
,P02834.jpg,,0,P02829.jpg
,P02835.jpg,,0,P00991.jpg
,P02836.jpg,,0,P00312.jpg
,P02837.jpg,,0,P02851.jpg
,P02838.jpg,,0,P00991.jpg
,P02839.jpg,,0,P02851.jpg
,P02840.jpg,,0,P00991.jpg
,P02841.jpg,,0,P03152.jpg
,P02842.jpg,,0,P00312.jpg
,P02845.jpg,,0,P00312.jpg
,P02846.jpg,,0,P00312.jpg
,P02847.jpg,,0,P02851.jpg
,P02848.jpg,,0,P02851.jpg
,P02849.jpg,,0,P02851.jpg
,P02850.jpg,,0,P02851.jpg
,P02855.jpg,,0,P00991.jpg
,P02856.jpg,,0,P02851.jpg
,P02857.jpg,,0,P00991.jpg
,P02858.jpg,,0,P00991.jpg
,P02859.jpg,,0,P00187.jpg
,P02860.jpg,,0,P02851.jpg
,P02862.jpg,,0,P02851.jpg
,P02865.jpg,,0,P02851.jpg
,P02866.jpg,,0,P00991.jpg
,P02869.jpg,,0,P00991.jpg
,P02870.jpg,,0,P00187.jpg
,P02873.jpg,,0,P00991.jpg
,P02874.jpg,,0,P00991.jpg
,P02876.jpg,,0,P00991.jpg
,P02878.jpg,,0,P00991.jpg
,P02880.jpg,,0,P00991.jpg
,P02881.jpg,,0,P00991.jpg
,P02883.jpg,,0,P00991.jpg
,P02884.jpg,,0,P00187.jpg
,P02886.jpg,,0,P00991.jpg
,P02888.jpg,,0,P00991.jpg
,P02889.jpg,,0,P00991.jpg
,P02890.jpg,,0,P00991.jpg
,P02891.jpg,,0,P00991.jpg
,P02895.jpg,,0,P00991.jpg
,P02896.jpg,,0,P00991.jpg
,P02898.jpg,,0,P00991.jpg
,P02901.jpg,,0,P00991.jpg
,P02904.jpg,,0,P00991.jpg
,P02905.jpg,,0,P00991.jpg
,P02907.jpg,,0,P00991.jpg
,P02908.jpg,,0,P00991.jpg
,P02909.jpg,,0,P00991.jpg
,P02910.jpg,,0,P00991.jpg
,P02912.jpg,,0,P00991.jpg
,P02913.jpg,,0,P00991.jpg
,P02914.jpg,,0,P00991.jpg
,P02916.jpg,,0,P00991.jpg
,P02917.jpg,,0,P00991.jpg
,P02919.jpg,,0,P00991.jpg
,P02921.jpg,,0,P00991.jpg
,P02923.jpg,,0,P03152.jpg
,P02925.jpg,,0,P00991.jpg
,P02926.jpg,,0,P00991.jpg
,P02928.jpg,,0,P00349.jpg
,P02929.jpg,,0,P00991.jpg
,P02930.jpg,,0,P00349.jpg
,P02931.jpg,,0,P00991.jpg
,P02933.jpg,,0,P00991.jpg
,P02934.jpg,,0,P00187.jpg
,P02937.jpg,,0,P00187.jpg
,P02939.jpg,,0,P00187.jpg
,P02940.jpg,,0,P00991.jpg
,P02941.jpg,,0,P00187.jpg
,P02942.jpg,,0,P00187.jpg
,P02943.jpg,,0,P00187.jpg
,P02944.jpg,,0,P00991.jpg
,P02945.jpg,,0,P00187.jpg
,P02949.jpg,,0,P00991.jpg
,P02950.jpg,,0,P00991.jpg
,P02951.jpg,,0,P00187.jpg
,P02952.jpg,,0,P00991.jpg
,P02955.jpg,,0,P00349.jpg
,P02956.jpg,,0,P00991.jpg
,P02959.jpg,,0,P00312.jpg
,P02961.jpg,,0,P00187.jpg
,P02962.jpg,,0,P00312.jpg
,P02963.jpg,,0,P00991.jpg
,P02966.jpg,,0,P00187.jpg
,P02968.jpg,,0,P00991.jpg
,P02969.jpg,,0,P00991.jpg
,P02971.jpg,,0,P00312.jpg
,P02972.jpg,,0,P00991.jpg
,P02974.jpg,,0,P00187.jpg
,P02976.jpg,,0,P00312.jpg
,P02977.jpg,,0,P00991.jpg
,P02979.jpg,,0,P00991.jpg
,P02980.jpg,,0,P00187.jpg
,P02982.jpg,,0,P00187.jpg
,P02983.jpg,,0,P00991.jpg
,P02984.jpg,,0,P00187.jpg
,P02986.jpg,,0,P00312.jpg
,P02987.jpg,,0,P00312.jpg
,P02989.jpg,,0,P03152.jpg
,P02991.jpg,,0,P00991.jpg
,P02993.jpg,,0,P00312.jpg
,P02994.jpg,,0,P00991.jpg
,P02995.jpg,,0,P00991.jpg
,P02996.jpg,,0,P00991.jpg
,P02997.jpg,,0,P00187.jpg
,P02998.jpg,,0,P00991.jpg
,P02999.jpg,,0,P00312.jpg
,P03000.jpg,,0,P00187.jpg
,P03002.jpg,,0,P00991.jpg
,P03006.jpg,,0,P00312.jpg
,P03007.jpg,,0,P00991.jpg
,P03009.jpg,,0,P00187.jpg
,P03010.jpg,,0,P00991.jpg
,P03013.jpg,,0,P00991.jpg
,P03014.jpg,,0,P00991.jpg
,P03015.jpg,,0,P03152.jpg
,P03017.jpg,,0,P00991.jpg
,P03019.jpg,,0,P00312.jpg
,P03020.jpg,,0,P03152.jpg
,P03021.jpg,,0,P00312.jpg
,P03022.jpg,,0,P00312.jpg
,P03023.jpg,,0,P00312.jpg
,P03024.jpg,,0,P00312.jpg
,P03025.jpg,,0,P00187.jpg
,P03026.jpg,,0,P00312.jpg
,P03027.jpg,,0,P00312.jpg
,P03028.jpg,,0,P00187.jpg
,P03030.jpg,,0,P00312.jpg
,P03031.jpg,,0,P00991.jpg
,P03032.jpg,,0,P00187.jpg
,P03033.jpg,,0,P00991.jpg
,P03034.jpg,,0,P00312.jpg
,P03035.jpg,,0,P00991.jpg
,P03038.jpg,,0,P00312.jpg
,P03039.jpg,,0,P00991.jpg
,P03040.jpg,,0,P00312.jpg
,P03044.jpg,,0,P00312.jpg
,P03045.jpg,,0,P00312.jpg
,P03046.jpg,,0,P03152.jpg
,P03048.jpg,,0,P03152.jpg
,P03049.jpg,,0,P00187.jpg
,P03050.jpg,,0,P00187.jpg
,P03052.jpg,,0,P00187.jpg
,P03054.jpg,,0,P00312.jpg
,P03056.jpg,,0,P00312.jpg
,P03058.jpg,,0,P00187.jpg
,P03059.jpg,,0,P00187.jpg
,P03061.jpg,,0,P00312.jpg
,P03062.jpg,,0,P00187.jpg
,P03063.jpg,,0,P00187.jpg
,P03065.jpg,,0,P00349.jpg
,P03067.jpg,,0,P00187.jpg
,P03069.jpg,,0,P00187.jpg
,P03072.jpg,,0,P00187.jpg
,P03074.jpg,,0,P00187.jpg
,P03076.jpg,,0,P00187.jpg
,P03077.jpg,,0,P00349.jpg
,P03079.jpg,,0,P00187.jpg
,P03080.jpg,,0,P00213.jpg
,P03082.jpg,,0,P00187.jpg
,P03083.jpg,,0,P00349.jpg
,P03084.jpg,,0,P00187.jpg
,P03087.jpg,,0,P00187.jpg
,P03088.jpg,,0,P00349.jpg
,P03090.jpg,,0,P00187.jpg
,P03091.jpg,,0,P03098.jpg
,P03092.jpg,,0,P03098.jpg
,P03093.jpg,,0,P03098.jpg
,P03096.jpg,,0,P03098.jpg
,P03097.jpg,,0,P03098.jpg
,P03099.jpg,,0,P03098.jpg
,P03100.jpg,,0,P00349.jpg
,P03101.jpg,,0,P03098.jpg
,P03102.jpg,,0,P03098.jpg
,P03103.jpg,,0,P03098.jpg
,P03104.jpg,,0,P03098.jpg
,P03106.jpg,,0,P00349.jpg
,P03107.jpg,,0,P03098.jpg
,P03108.jpg,,0,P03098.jpg
,P03109.jpg,,0,P03098.jpg
,P03110.jpg,,0,P03098.jpg
,P03112.jpg,,0,P00349.jpg
,P03113.jpg,,0,P03098.jpg
,P03114.jpg,,0,P00349.jpg
,P03116.jpg,,0,P03098.jpg
,P03117.jpg,,0,P03098.jpg
,P03119.jpg,,0,P00349.jpg
,P03120.jpg,,0,P03098.jpg
,P03122.jpg,,0,P03098.jpg
,P03123.jpg,,0,P00349.jpg
,P03125.jpg,,0,P03098.jpg
,P03126.jpg,,0,P00349.jpg
,P03127.jpg,,0,P00187.jpg
,P03128.jpg,,0,P00349.jpg
,P03129.jpg,,0,P00349.jpg
,P03130.jpg,,0,P00349.jpg
,P03131.jpg,,0,P00349.jpg
,P03132.jpg,,0,P00187.jpg
,P03134.jpg,,0,P00349.jpg
,P03135.jpg,,0,P00187.jpg
,P03136.jpg,,0,P00187.jpg
,P03137.jpg,,0,P00187.jpg
,P03138.jpg,,0,P00349.jpg
,P03139.jpg,,0,P00187.jpg
,P03140.jpg,,0,P00349.jpg
,P03141.jpg,,0,P00187.jpg
,P03142.jpg,,0,P00349.jpg
,P03143.jpg,,0,P00187.jpg
,P03144.jpg,,0,P00187.jpg
,P03146.jpg,,0,P00187.jpg
,P03148.jpg,,0,P00349.jpg
,P03151.jpg,,0,P00349.jpg
,P03153.jpg,,0,P02484.jpg
,P03154.jpg,,0,P00187.jpg
,P03155.jpg,,0,P00187.jpg
,P03156.jpg,,0,P00187.jpg
,P03157.jpg,,0,P00187.jpg
,P03158.jpg,,0,P00312.jpg
,P03159.jpg,,0,P03163.jpg
,P03160.jpg,,0,P00187.jpg
,P03161.jpg,,0,P02665.jpg
,P03162.jpg,,0,P03163.jpg
,P03165.jpg,,0,P00187.jpg
,P03166.jpg,,0,P00187.jpg
,P03167.jpg,,0,P00187.jpg
,P03168.jpg,,0,P03163.jpg
,P03170.jpg,,0,P00187.jpg
,P03177.jpg,,0,P02435.jpg
,P03178.jpg,,0,P02435.jpg
,P03179.jpg,,0,P03703.jpg
,P03180.jpg,,0,P00740.jpg
,P03181.jpg,,0,P02476.jpg
,P03182.jpg,,0,P02476.jpg
,P03183.jpg,,0,P02476.jpg
,P03184.jpg,,0,P02476.jpg
,P03185.jpg,,0,P02476.jpg
,P03186.jpg,,0,P02476.jpg
,P03187.jpg,,0,P02476.jpg
,P03188.jpg,,0,P03725.jpg
,P03189.jpg,,0,P03066.jpg
,P03190.jpg,,0,P03066.jpg
,P03191.jpg,,0,P03066.jpg
,P03192.jpg,,0,P03066.jpg
,P03193.jpg,,0,P03066.jpg
,P03194.jpg,,0,P03066.jpg
,P03195.jpg,,0,P03066.jpg
,P03199.jpg,,0,P01955.jpg
,P03200.jpg,,0,P01955.jpg
,P03201.jpg,,0,P01955.jpg
,P03202.jpg,,0,P01955.jpg
,P03203.jpg,,0,P01955.jpg
,P03204.jpg,,0,P01955.jpg
,P03205.jpg,,0,P01955.jpg
,P03218.jpg,,0,P00842.jpg
,P03219.jpg,,0,P00842.jpg
,P03220.jpg,,0,P00842.jpg
,P03221.jpg,,0,P00842.jpg
,P03222.jpg,,0,P00842.jpg
,P03223.jpg,,0,P00842.jpg
,P03224.jpg,,0,P00842.jpg
,P03225.jpg,,0,P00842.jpg
,P03226.jpg,,0,P00842.jpg
,P03227.jpg,,0,P00842.jpg
,P03228.jpg,,0,P00842.jpg
,P03229.jpg,,0,P00842.jpg
,P03230.jpg,,0,P00842.jpg
,P03232.jpg,,0,P00842.jpg
,P03233.jpg,,0,P00842.jpg
,P03234.jpg,,0,P00842.jpg
,P03235.jpg,,0,P00842.jpg
,P03236.jpg,,0,P00842.jpg
,P03269.jpg,,0,P00842.jpg
,P03281.jpg,,0,P00842.jpg
,P03283.jpg,,0,P00842.jpg
,P03284.jpg,,0,P00842.jpg
,P03287.jpg,,0,P00842.jpg
,P03289.jpg,,0,P00842.jpg
,P03291.jpg,,0,P00842.jpg
,P03445.jpg,,0,P02807.jpg
,P03447.jpg,,0,P02807.jpg
,P03448.jpg,,0,P02807.jpg
,P03450.jpg,,0,P02807.jpg
,P03452.jpg,,0,P02807.jpg
,P03454.jpg,,0,P02807.jpg
,P03457.jpg,,0,P02807.jpg
,P03458.jpg,,0,P02807.jpg
,P03460.jpg,,0,P02807.jpg
,P03463.jpg,,0,P02807.jpg
,P03466.jpg,,0,P02807.jpg
,P03468.jpg,,0,P02807.jpg
,P03542.jpg,,0,P00842.jpg
,P03545.jpg,,0,P00842.jpg
,P03550.jpg,,0,P00842.jpg
,P03552.jpg,,0,P00842.jpg
,P03555.jpg,,0,P00842.jpg
,P03558.jpg,,0,P00842.jpg
,P03563.jpg,,0,P00842.jpg
,P03566.jpg,,0,P00842.jpg
,P03569.jpg,,0,P00842.jpg
,P03572.jpg,,0,P00842.jpg
,P03575.jpg,,0,P03703.jpg
,P03576.jpg,,0,P03703.jpg
,P03577.jpg,,0,P03703.jpg
,P03578.jpg,,0,P03703.jpg
,P03579.jpg,,0,P06384.jpg
,P03580.jpg,,0,P03703.jpg
,P03581.jpg,,0,P06384.jpg
,P03582.jpg,,0,P06384.jpg
,P03583.jpg,,0,P06384.jpg
,P03584.jpg,,0,P06384.jpg
,P03585.jpg,,0,P03703.jpg
,P03586.jpg,,0,P03703.jpg
,P03588.jpg,,0,P06384.jpg
,P03590.jpg,,0,P06384.jpg
,P03591.jpg,,0,P06384.jpg
,P03592.jpg,,0,P06384.jpg
,P03595.jpg,,0,P03703.jpg
,P03596.jpg,,0,P04055.jpg
,P03598.jpg,,0,P06384.jpg
,P03599.jpg,,0,P03703.jpg
,P03601.jpg,,0,P06384.jpg
,P03602.jpg,,0,P04055.jpg
,P03606.jpg,,0,P06384.jpg
,P03608.jpg,,0,P06384.jpg
,P03609.jpg,,0,P03703.jpg
,P03610.jpg,,0,P03703.jpg
,P03611.jpg,,0,P06384.jpg
,P03612.jpg,,0,P03703.jpg
,P03613.jpg,,0,P06384.jpg
,P03614.jpg,,0,P06384.jpg
,P03616.jpg,,0,P04055.jpg
,P03617.jpg,,0,P02468.jpg
,P03618.jpg,,0,P02468.jpg
,P03652.jpg,,0,P03029.jpg
,P03653.jpg,,0,P03029.jpg
,P03655.jpg,,0,P03029.jpg
,P03656.jpg,,0,P03029.jpg
,P03657.jpg,,0,P03029.jpg
,P03658.jpg,,0,P03029.jpg
,P03659.jpg,,0,P03694.jpg
,P03660.jpg,,0,P03029.jpg
,P03661.jpg,,0,
,P03666.jpg,,0,P03029.jpg
,P03667.jpg,,0,P02435.jpg
,P03668.jpg,,0,P03694.jpg
,P03670.jpg,,0,P02435.jpg
,P03671.jpg,,0,P03694.jpg
,P03672.jpg,,0,P03029.jpg
,P03673.jpg,,0,P03029.jpg
,P03674.jpg,,0,P03694.jpg
,P03675.jpg,,0,P03694.jpg
,P03678.jpg,,0,P03164.jpg
,P03679.jpg,,0,P00213.jpg
,P03680.jpg,,0,P03029.jpg
,P03681.jpg,,0,P03736.jpg
,P03682.jpg,,0,P03731.jpg
,P03683.jpg,,0,P03164.jpg
,P03684.jpg,,0,P03029.jpg
,P03685.jpg,,0,P03029.jpg
,P03686.jpg,,0,P02435.jpg
,P03687.jpg,,0,P03164.jpg
,P03688.jpg,,0,P03731.jpg
,P03689.jpg,,0,P03731.jpg
,P03690.jpg,,0,P02794.jpg
,P03691.jpg,,0,P03029.jpg
,P03692.jpg,,0,P03029.jpg
,P03693.jpg,,0,P03029.jpg
,P03695.jpg,,0,P02794.jpg
,P03696.jpg,,0,P03029.jpg
,P03700.jpg,,0,P02794.jpg
,P03701.jpg,,0,P03029.jpg
,P03702.jpg,,0,P02794.jpg
,P03709.jpg,,0,P02794.jpg
,P03714.jpg,,0,P03731.jpg
,P03716.jpg,,0,P02794.jpg
,P03717.jpg,,0,P03694.jpg
,P03718.jpg,,0,P02794.jpg
,P03720.jpg,,0,P03715.jpg
,P03721.jpg,,0,P03715.jpg
,P03724.jpg,,0,P03715.jpg
,P03726.jpg,,0,P03715.jpg
,P03727.jpg,,0,P03715.jpg
,P03728.jpg,,0,P03694.jpg
,P03729.jpg,,0,P03715.jpg
,P03730.jpg,,0,P03715.jpg
,P03732.jpg,,0,P03715.jpg
,P03733.jpg,,0,P03715.jpg
,P03734.jpg,,0,P03715.jpg
,P03735.jpg,,0,P03715.jpg
,P03737.jpg,,0,P03715.jpg
,P03739.jpg,,0,P03715.jpg
,P03741.jpg,,0,P03715.jpg
,P03742.jpg,,0,P03715.jpg
,P03744.jpg,,0,P03029.jpg
,P03746.jpg,,0,P03029.jpg
,P03747.jpg,,0,P03029.jpg
,P03748.jpg,,0,P03029.jpg
,P03749.jpg,,0,P03755.jpg
,P03750.jpg,,0,P03755.jpg
,P03752.jpg,,0,P03755.jpg
,P03753.jpg,,0,P03755.jpg
,P03754.jpg,,0,P02468.jpg
,P03758.jpg,,0,P04391.jpg
,P03771.jpg,,0,P04391.jpg
,P04050.jpg,,0,P04391.jpg
,P04051.jpg,,0,P04391.jpg
,P04052.jpg,,0,P04391.jpg
,P04053.jpg,,0,P04391.jpg
,P04054.jpg,,0,P04055.jpg
,P04115.jpg,,0,P04114.jpg
,P04116.jpg,,0,P04114.jpg
,P04227.jpg,,0,P02458.jpg
,P04233.jpg,,0,P04232.jpg
,P04234.jpg,,0,P04232.jpg
,P04256.jpg,,0,P04232.jpg
,P04280.jpg,,0,P04671.jpg
,P04373.jpg,,0,P04232.jpg
,P04386.jpg,,0,P04385.jpg
,P04387.jpg,,0,P04385.jpg
,P04389.jpg,,0,P04385.jpg
,P04392.jpg,,0,P05506.jpg
,P04412.jpg,,0,P05506.jpg
,P04415.jpg,,0,P04232.jpg
,P04428.jpg,,0,P05506.jpg
,P04978.jpg,,0,P05506.jpg
,P05019.jpg,,0,P05506.jpg
,P05081.jpg,,0,P05506.jpg
,P05093.jpg,,0,P04232.jpg
,P05249.jpg,,0,P04671.jpg
,P05464.jpg,,0,P04232.jpg
,P05654.jpg,,0,P02458.jpg
,P06072.jpg,,0,P02458.jpg
,P06209.jpg,,0,P07251.jpg
,P06378.jpg,,0,P06384.jpg
,P06379.jpg,,0,P06384.jpg
,P06380.jpg,,0,P06384.jpg
,P06381.jpg,,0,P06384.jpg
,P06382.jpg,,0,P06384.jpg
,P06383.jpg,,0,P06384.jpg
,P06385.jpg,,0,P06384.jpg
,P07101.jpg,,0,P07251.jpg
,P07102.jpg,,0,P07251.jpg
,P07208.jpg,,0,P05506.jpg
,P07250.jpg,,0,P04232.jpg
,P07252.jpg,,0,P04232.jpg
,P07253.jpg,,0,P04232.jpg
,P07254.jpg,,0,P04232.jpg
,P07255.jpg,,0,P04232.jpg
,P07256.jpg,,0,P04232.jpg
,P08160.jpg,,0,P07251.jpg
,P08216.jpg,1,0,P04385.jpg
,P08217.jpg,1,0,P04385.jpg
,P08218.jpg,1,0,P04385.jpg
,P08830.jpg,,0,P08924.jpg
,P08835.jpg,,0,P08924.jpg
,P08836.jpg,,0,P08924.jpg
,P08837.jpg,,0,P08924.jpg
,P08844.jpg,,0,
,P08845.jpg,,0,P08927.jpg
,P08852.jpg,1,0,
,P08853.jpg,,0,P08927.jpg
,P08854.jpg,,0,
,P08856.jpg,,0,P08924.jpg
,P08857.jpg,1,0,
,P08858.jpg,,0,P08924.jpg
,P08861.jpg,,0,P08924.jpg
,P08862.jpg,,0,P08924.jpg
,P08863.jpg,,0,
,P08864.jpg,,0,P02468.jpg
,P08867.jpg,,0,
,P08868.jpg,1,0,
,P08872.jpg,,0,P02468.jpg
,P08873.jpg,,0,P08924.jpg
,P08876.jpg,,0,P08924.jpg
,P08881.jpg,,0,P08924.jpg
,P08886.jpg,,0,P02468.jpg
,P08887.jpg,,0,P08927.jpg
,P08888.jpg,,0,P08927.jpg
,P08889.jpg,1,0,
,P08895.jpg,,0,
,P08896.jpg,,0,P08927.jpg
,P08903.jpg,1,0,
,P08904.jpg,,0,P08927.jpg
,P08905.jpg,,0,P02468.jpg
,P08906.jpg,,0,
,P08907.jpg,,0,P08924.jpg
,P08908.jpg,1,0,P08927.jpg
,P08909.jpg,,0,P08924.jpg
,P08912.jpg,,0,P08924.jpg
,P08913.jpg,,0,P08924.jpg
,P08914.jpg,,0,
,P08915.jpg,,0,P02468.jpg
,P08919.jpg,1,0,
,P08923.jpg,,0,P02468.jpg
,P08929.jpg,,0,
